Workbook

Sheet Pokyny
B2: Adresace buněk – Cvičení (2. hodina)
B3: Pracovní sešit pro 2 vyučovací hodiny – sekunda
B5: Jméno:
B6: Třída:
B8: Pokyny:
B10: 1. | C10: Postupuj listy podle pořadí - od Úkolu 1 až po Úkol 6.
B11: 2. | C11: Žluté buňky jsou na vyplnění - sem patří VZOREC.
B12: 3. | C12: Všechny vzorce musí používat ADRESY BUNĚK, ne čísla! (např. =B5*C5, ne =100*5)
B13: 4. | C13: Když je v zadání věta typu „použij absolutní adresu", použij znak $.
B14: 5. | C14: Vedle žluté buňky se objeví ✓ (správně) nebo ✗ (špatně).
B15: 6. | C15: Tip: zapni si v Excelu zobrazení vzorců přes Ctrl + ` (`backtick`) - uvidíš všechny vzorce najednou.
B17: Přehled úkolů:
B19: Úkol 1 | C19: Relativní adresace | D19: Doplň cenu = počet × cena/ks pro 8 položek
B20: Úkol 2 | C20: Absolutní adresace | D20: Vypočítej slevy s konstantní procentní sazbou
B21: Úkol 3 | C21: Smíšená - zámek řádku (B$1) | D21: Tabulka cen v různých kurzech
B22: Úkol 4 | C22: Smíšená - zámek sloupce ($A1) | D22: Procenta z hodnoty
B23: Úkol 5 | C23: Násobilka | D23: Vyplň celou násobilku jediným vzorcem
B24: Úkol 6 | C24: Komplexní úloha | D24: Tabulka výplat s daní a srážkami
B27: Tvoje celkové skóre: | E27: =SUM('Úkol 1'!AB1,'Úkol 2'!AB1,'Úkol 3'!AB1,'Úkol 4'!AB1,'Úkol 5'!AB1,'Úkol 6'!AB1) & " / " & SUM('Úkol 1'!AB2,'Úkol 2'!AB2,'Úkol 3'!AB2,'Úkol 4'!AB2,'Úkol 5'!AB2,'Úkol 6'!AB2) -> 139 / 139

Sheet Klíč
A1: Klíč - správné výsledky
A10: 420
A11: 200
A12: 360
A13: 1320
A14: 216
A15: 1520
A16: 280
A17: 475
A20: 300
A21: 900
A22: 120
A23: 360
... A223: 31620

Sheet Úkol 1
AB1: =COUNTIF(F9:F16,"✓") -> 8
B2: Úkol 1 – Relativní adresace | AB2: 8
B4: 📝 ZADÁNÍ:
B5: Doplň žluté buňky vzorcem, který spočítá CENA = POČET × CENA/KS.
B6: Tip: napiš vzorec jen do první buňky a zbytek překopíruj táhnutím za úchyt (nebo dvakrát klikni).
B8: Zboží | C8: Počet | D8: Cena/ks (Kč) | E8: Celkem (Kč)
B9: Sešit A4 | C9: 12 | D9: 35 | E9: =C9*D9 -> 420 | F9: =IF(E9="","",IF(NOT(_xlfn.ISFORMULA(E9)),"✗",IF(ROUND(E9,2)=ROUND(Klíč!A10,2),"✓","✗"))) -> ✓
B10: Tužka HB | C10: 25 | D10: 8 | E10: =C10*D10 -> 200 | F10: =IF(E10="","",IF(NOT(_xlfn.ISFORMULA(E10)),"✗",IF(ROUND(E10,2)=ROUND(Klíč!A11,2),"✓","✗"))) -> ✓
B11: Pravítko 30cm | C11: 8 | D11: 45 | E11: =C11*D11 -> 360 | F11: =IF(E11="","",IF(NOT(_xlfn.ISFORMULA(E11)),"✗",IF(ROUND(E11,2)=ROUND(Klíč!A12,2),"✓","✗"))) -> ✓
B12: Penál školní | C12: 6 | D12: 220 | E12: =C12*D12 -> 1320 | F12: =IF(E12="","",IF(NOT(_xlfn.ISFORMULA(E12)),"✗",IF(ROUND(E12,2)=ROUND(Klíč!A13,2),"✓","✗"))) -> ✓
B13: Guma | C13: 18 | D13: 12 | E13: =C13*D13 -> 216 | F13: =IF(E13="","",IF(NOT(_xlfn.ISFORMULA(E13)),"✗",IF(ROUND(E13,2)=ROUND(Klíč!A14,2),"✓","✗"))) -> ✓
B14: Kalkulačka | C14: 4 | D14: 380 | E14: =C14*D14 -> 1520 | F14: =IF(E14="","",IF(NOT(_xlfn.ISFORMULA(E14)),"✗",IF(ROUND(E14,2)=ROUND(Klíč!A15,2),"✓","✗"))) -> ✓
B15: Trojúhelník | C15: 10 | D15: 28 | E15: =C15*D15 -> 280 | F15: =IF(E15="","",IF(NOT(_xlfn.ISFORMULA(E15)),"✗",IF(ROUND(E15,2)=ROUND(Klíč!A16,2),"✓","✗"))) -> ✓
B16: Kružítko | C16: 5 | D16: 95 | E16: =C16*D16 -> 475 | F16: =IF(E16="","",IF(NOT(_xlfn.ISFORMULA(E16)),"✗",IF(ROUND(E16,2)=ROUND(Klíč!A17,2),"✓","✗"))) -> ✓
B18: Skóre tohoto úkolu: | E18: =AB1 & " / " & AB2 & " bodů" -> 8 / 8 bodů

Sheet Úkol 2
AB1: =COUNTIF(F10:G17,"✓") -> 16
B2: Úkol 2 – Absolutní adresace | AB2: 16
B4: 📝 ZADÁNÍ:
B5: V obchodě dělají slevu 25 %. Hodnota slevy je v buňce C7 (žlutá konstanta).
B6: Spočítej slevy v Kč a ceny po slevě. Použij ABSOLUTNÍ adresu $C$7 pro slevu!
B7: Sleva: | C7: 25 | D7: %
B9: Zboží | C9: Cena (Kč) | D9: Sleva (Kč) | E9: Cena po slevě (Kč)
B10: Boty | C10: 1200 | D10: =(C10/100)*$C$7 -> 300 | E10: =C10-D10 -> 900 | F10: =IF(D10="","",IF(NOT(_xlfn.ISFORMULA(D10)),"✗",IF(NOT(AND(ISNUMBER(SEARCH("C10",_xlfn.FORMULATEXT(D10))),ISNUMBER(SEARCH("$C$7",_xlfn.FORMULATEXT(D10))))),"✗",IF(ROUND(D10,2)=ROUND(Klíč!A20,2),"✓","✗")))) -> ✓ | G10: =IF(E10="","",IF(NOT(_xlfn.ISFORMULA(E10)),"✗",IF(NOT(OR(ISNUMBER(SEARCH("D10",_xlfn.FORMULATEXT(E10))),ISNUMBER(SEARCH("$C$7",_xlfn.FORMULATEXT(E10))))),"✗",IF(ROUND(E10,2)=ROUND(Klíč!A21,2),"✓","✗")))) -> ✓
B11: Tričko | C11: 480 | D11: =(C11/100)*$C$7 -> 120 | E11: =C11-D11 -> 360 | F11: =IF(D11="","",IF(NOT(_xlfn.ISFORMULA(D11)),"✗",IF(NOT(AND(ISNUMBER(SEARCH("C11",_xlfn.FORMULATEXT(D11))),ISNUMBER(SEARCH("$C$7",_xlfn.FORMULATEXT(D11))))),"✗",IF(ROUND(D11,2)=ROUND(Klíč!A22,2),"✓","✗")))) -> ✓ | G11: =IF(E11="","",IF(NOT(_xlfn.ISFORMULA(E11)),"✗",IF(NOT(OR(ISNUMBER(SEARCH("D11",_xlfn.FORMULATEXT(E11))),ISNUMBER(SEARCH("$C$7",_xlfn.FORMULATEXT(E11))))),"✗",IF(ROUND(E11,2)=ROUND(Klíč!A23,2),"✓","✗")))) -> ✓
B12: Bunda | C12: 2400 | D12: =(C12/100)*$C$7 -> 600 | E12: =C12-D12 -> 1800 | F12: =IF(D12="","",IF(NOT(_xlfn.ISFORMULA(D12)),"✗",IF(NOT(AND(ISNUMBER(SEARCH("C12",_xlfn.FORMULATEXT(D12))),ISNUMBER(SEARCH("$C$7",_xlfn.FORMULATEXT(D12))))),"✗",IF(ROUND(D12,2)=ROUND(Klíč!A24,2),"✓","✗")))) -> ✓ | G12: =IF(E12="","",IF(NOT(_xlfn.ISFORMULA(E12)),"✗",IF(NOT(OR(ISNUMBER(SEARCH("D12",_xlfn.FORMULATEXT(E12))),ISNUMBER(SEARCH("$C$7",_xlfn.FORMULATEXT(E12))))),"✗",IF(ROUND(E12,2)=ROUND(Klíč!A25,2),"✓","✗")))) -> ✓
B13: Kalhoty | C13: 980 | D13: =(C13/100)*$C$7 -> 245 | E13: =C13-D13 -> 735 | F13: =IF(D13="","",IF(NOT(_xlfn.ISFORMULA(D13)),"✗",IF(NOT(AND(ISNUMBER(SEARCH("C13",_xlfn.FORMULATEXT(D13))),ISNUMBER(SEARCH("$C$7",_xlfn.FORMULATEXT(D13))))),"✗",IF(ROUND(D13,2)=ROUND(Klíč!A26,2),"✓","✗")))) -> ✓ | G13: =IF(E13="","",IF(NOT(_xlfn.ISFORMULA(E13)),"✗",IF(NOT(OR(ISNUMBER(SEARCH("D13",_xlfn.FORMULATEXT(E13))),ISNUMBER(SEARCH("$C$7",_xlfn.FORMULATEXT(E13))))),"✗",IF(ROUND(E13,2)=ROUND(Klíč!A27,2),"✓","✗")))) -> ✓
B14: Mikina | C14: 850 | D14: =(C14/100)*$C$7 -> 212.5 | E14: =C14-D14 -> 637.5 | F14: =IF(D14="","",IF(NOT(_xlfn.ISFORMULA(D14)),"✗",IF(NOT(AND(ISNUMBER(SEARCH("C14",_xlfn.FORMULATEXT(D14))),ISNUMBER(SEARCH("$C$7",_xlfn.FORMULATEXT(D14))))),"✗",IF(ROUND(D14,2)=ROUND(Klíč!A28,2),"✓","✗")))) -> ✓ | G14: =IF(E14="","",IF(NOT(_xlfn.ISFORMULA(E14)),"✗",IF(NOT(OR(ISNUMBER(SEARCH("D14",_xlfn.FORMULATEXT(E14))),ISNUMBER(SEARCH("$C$7",_xlfn.FORMULATEXT(E14))))),"✗",IF(ROUND(E14,2)=ROUND(Klíč!A29,2),"✓","✗")))) -> ✓
B15: Klobouk | C15: 320 | D15: =(C15/100)*$C$7 -> 80 | E15: =C15-D15 -> 240 | F15: =IF(D15="","",IF(NOT(_xlfn.ISFORMULA(D15)),"✗",IF(NOT(AND(ISNUMBER(SEARCH("C15",_xlfn.FORMULATEXT(D15))),ISNUMBER(SEARCH("$C$7",_xlfn.FORMULATEXT(D15))))),"✗",IF(ROUND(D15,2)=ROUND(Klíč!A30,2),"✓","✗")))) -> ✓ | G15: =IF(E15="","",IF(NOT(_xlfn.ISFORMULA(E15)),"✗",IF(NOT(OR(ISNUMBER(SEARCH("D15",_xlfn.FORMULATEXT(E15))),ISNUMBER(SEARCH("$C$7",_xlfn.FORMULATEXT(E15))))),"✗",IF(ROUND(E15,2)=ROUND(Klíč!A31,2),"✓","✗")))) -> ✓
B16: Šála | C16: 280 | D16: =(C16/100)*$C$7 -> 70 | E16: =C16-D16 -> 210 | F16: =IF(D16="","",IF(NOT(_xlfn.ISFORMULA(D16)),"✗",IF(NOT(AND(ISNUMBER(SEARCH("C16",_xlfn.FORMULATEXT(D16))),ISNUMBER(SEARCH("$C$7",_xlfn.FORMULATEXT(D16))))),"✗",IF(ROUND(D16,2)=ROUND(Klíč!A32,2),"✓","✗")))) -> ✓ | G16: =IF(E16="","",IF(NOT(_xlfn.ISFORMULA(E16)),"✗",IF(NOT(OR(ISNUMBER(SEARCH("D16",_xlfn.FORMULATEXT(E16))),ISNUMBER(SEARCH("$C$7",_xlfn.FORMULATEXT(E16))))),"✗",IF(ROUND(E16,2)=ROUND(Klíč!A33,2),"✓","✗")))) -> ✓
B17: Rukavice | C17: 380 | D17: =(C17/100)*$C$7 -> 95 | E17: =C17-D17 -> 285 | F17: =IF(D17="","",IF(NOT(_xlfn.ISFORMULA(D17)),"✗",IF(NOT(AND(ISNUMBER(SEARCH("C17",_xlfn.FORMULATEXT(D17))),ISNUMBER(SEARCH("$C$7",_xlfn.FORMULATEXT(D17))))),"✗",IF(ROUND(D17,2)=ROUND(Klíč!A34,2),"✓","✗")))) -> ✓ | G17: =IF(E17="","",IF(NOT(_xlfn.ISFORMULA(E17)),"✗",IF(NOT(OR(ISNUMBER(SEARCH("D17",_xlfn.FORMULATEXT(E17))),ISNUMBER(SEARCH("$C$7",_xlfn.FORMULATEXT(E17))))),"✗",IF(ROUND(E17,2)=ROUND(Klíč!A35,2),"✓","✗")))) -> ✓
B19: 🌟 Bonus:
B20: Změň hodnotu slevy v C7 na 30. Co se stalo? (Měla by se přepočítat celá tabulka)
B21: Nezapomeň pak vrátit hodnotu zpět na 25!
B23: Skóre tohoto úkolu: | E23: =AB1 & " / " & AB2 & " bodů" -> 16 / 16 bodů

Sheet Úkol 3
AB1: =COUNTIF(G10:I15,"✓") -> 18
B2: Úkol 3 – Smíšená adresace: zámek řádku B$1 | AB2: 18
B4: 📝 ZADÁNÍ:
B5: Máš ceny v EUR a chceš je převést na CZK podle 3 různých kurzů (vrcholový řádek).
B6: Vyplň žluté buňky JEDINÝM VZORCEM (do první napiš vzorec a zkopíruj). Použij smíšenou adresaci!
B8: Cena | C8: EUR | D8: Kurz 24.5 | E8: Kurz 25.0 | F8: Kurz 25.5
B9: Kurz CZK/EUR → | D9: 24.5 | E9: 25 | F9: 25.5
B10: Tričko | C10: 15 | D10: =$C10*D$9 -> 367.5 | E10: =$C10*E$9 -> 375 | F10: =$C10*F$9 -> 382.5 | G10: =IF(D10="","",IF(NOT(_xlfn.ISFORMULA(D10)),"✗",IF(NOT(AND(ISNUMBER(SEARCH("$C",_xlfn.FORMULATEXT(D10))),ISNUMBER(SEARCH("$9",_xlfn.FORMULATEXT(D10))))),"✗",IF(ROUND(D10,2)=ROUND(Klíč!A40,2),"✓","✗")))) -> ✓ | H10: =IF(E10="","",IF(NOT(_xlfn.ISFORMULA(E10)),"✗",IF(NOT(AND(ISNUMBER(SEARCH("$C",_xlfn.FORMULATEXT(E10))),ISNUMBER(SEARCH("$9",_xlfn.FORMULATEXT(E10))))),"✗",IF(ROUND(E10,2)=ROUND(Klíč!A41,2),"✓","✗")))) -> ✓ | I10: =IF(F10="","",IF(NOT(_xlfn.ISFORMULA(F10)),"✗",IF(NOT(AND(ISNUMBER(SEARCH("$C",_xlfn.FORMULATEXT(F10))),ISNUMBER(SEARCH("$9",_xlfn.FORMULATEXT(F10))))),"✗",IF(ROUND(F10,2)=ROUND(Klíč!A42,2),"✓","✗")))) -> ✓
B11: Boty | C11: 65 | D11: =$C11*D$9 -> 1592.5 | E11: =$C11*E$9 -> 1625 | F11: =$C11*F$9 -> 1657.5 | G11: =IF(D11="","",IF(NOT(_xlfn.ISFORMULA(D11)),"✗",IF(NOT(AND(ISNUMBER(SEARCH("$C",_xlfn.FORMULATEXT(D11))),ISNUMBER(SEARCH("$9",_xlfn.FORMULATEXT(D11))))),"✗",IF(ROUND(D11,2)=ROUND(Klíč!A43,2),"✓","✗")))) -> ✓ | H11: =IF(E11="","",IF(NOT(_xlfn.ISFORMULA(E11)),"✗",IF(NOT(AND(ISNUMBER(SEARCH("$C",_xlfn.FORMULATEXT(E11))),ISNUMBER(SEARCH("$9",_xlfn.FORMULATEXT(E11))))),"✗",IF(ROUND(E11,2)=ROUND(Klíč!A44,2),"✓","✗")))) -> ✓ | I11: =IF(F11="","",IF(NOT(_xlfn.ISFORMULA(F11)),"✗",IF(NOT(AND(ISNUMBER(SEARCH("$C",_xlfn.FORMULATEXT(F11))),ISNUMBER(SEARCH("$9",_xlfn.FORMULATEXT(F11))))),"✗",IF(ROUND(F11,2)=ROUND(Klíč!A45,2),"✓","✗")))) -> ✓
B12: Bunda | C12: 120 | D12: =$C12*D$9 -> 2940 | E12: =$C12*E$9 -> 3000 | F12: =$C12*F$9 -> 3060 | G12: =IF(D12="","",IF(NOT(_xlfn.ISFORMULA(D12)),"✗",IF(NOT(AND(ISNUMBER(SEARCH("$C",_xlfn.FORMULATEXT(D12))),ISNUMBER(SEARCH("$9",_xlfn.FORMULATEXT(D12))))),"✗",IF(ROUND(D12,2)=ROUND(Klíč!A46,2),"✓","✗")))) -> ✓ | H12: =IF(E12="","",IF(NOT(_xlfn.ISFORMULA(E12)),"✗",IF(NOT(AND(ISNUMBER(SEARCH("$C",_xlfn.FORMULATEXT(E12))),ISNUMBER(SEARCH("$9",_xlfn.FORMULATEXT(E12))))),"✗",IF(ROUND(E12,2)=ROUND(Klíč!A47,2),"✓","✗")))) -> ✓ | I12: =IF(F12="","",IF(NOT(_xlfn.ISFORMULA(F12)),"✗",IF(NOT(AND(ISNUMBER(SEARCH("$C",_xlfn.FORMULATEXT(F12))),ISNUMBER(SEARCH("$9",_xlfn.FORMULATEXT(F12))))),"✗",IF(ROUND(F12,2)=ROUND(Klíč!A48,2),"✓","✗")))) -> ✓
B13: Klobouk | C13: 25 | D13: =$C13*D$9 -> 612.5 | E13: =$C13*E$9 -> 625 | F13: =$C13*F$9 -> 637.5 | G13: =IF(D13="","",IF(NOT(_xlfn.ISFORMULA(D13)),"✗",IF(NOT(AND(ISNUMBER(SEARCH("$C",_xlfn.FORMULATEXT(D13))),ISNUMBER(SEARCH("$9",_xlfn.FORMULATEXT(D13))))),"✗",IF(ROUND(D13,2)=ROUND(Klíč!A49,2),"✓","✗")))) -> ✓ | H13: =IF(E13="","",IF(NOT(_xlfn.ISFORMULA(E13)),"✗",IF(NOT(AND(ISNUMBER(SEARCH("$C",_xlfn.FORMULATEXT(E13))),ISNUMBER(SEARCH("$9",_xlfn.FORMULATEXT(E13))))),"✗",IF(ROUND(E13,2)=ROUND(Klíč!A50,2),"✓","✗")))) -> ✓ | I13: =IF(F13="","",IF(NOT(_xlfn.ISFORMULA(F13)),"✗",IF(NOT(AND(ISNUMBER(SEARCH("$C",_xlfn.FORMULATEXT(F13))),ISNUMBER(SEARCH("$9",_xlfn.FORMULATEXT(F13))))),"✗",IF(ROUND(F13,2)=ROUND(Klíč!A51,2),"✓","✗")))) -> ✓
B14: Kalhoty | C14: 45 | D14: =$C14*D$9 -> 1102.5 | E14: =$C14*E$9 -> 1125 | F14: =$C14*F$9 -> 1147.5 | G14: =IF(D14="","",IF(NOT(_xlfn.ISFORMULA(D14)),"✗",IF(NOT(AND(ISNUMBER(SEARCH("$C",_xlfn.FORMULATEXT(D14))),ISNUMBER(SEARCH("$9",_xlfn.FORMULATEXT(D14))))),"✗",IF(ROUND(D14,2)=ROUND(Klíč!A52,2),"✓","✗")))) -> ✓ | H14: =IF(E14="","",IF(NOT(_xlfn.ISFORMULA(E14)),"✗",IF(NOT(AND(ISNUMBER(SEARCH("$C",_xlfn.FORMULATEXT(E14))),ISNUMBER(SEARCH("$9",_xlfn.FORMULATEXT(E14))))),"✗",IF(ROUND(E14,2)=ROUND(Klíč!A53,2),"✓","✗")))) -> ✓ | I14: =IF(F14="","",IF(NOT(_xlfn.ISFORMULA(F14)),"✗",IF(NOT(AND(ISNUMBER(SEARCH("$C",_xlfn.FORMULATEXT(F14))),ISNUMBER(SEARCH("$9",_xlfn.FORMULATEXT(F14))))),"✗",IF(ROUND(F14,2)=ROUND(Klíč!A54,2),"✓","✗")))) -> ✓
B15: Mikina | C15: 35 | D15: =$C15*D$9 -> 857.5 | E15: =$C15*E$9 -> 875 | F15: =$C15*F$9 -> 892.5 | G15: =IF(D15="","",IF(NOT(_xlfn.ISFORMULA(D15)),"✗",IF(NOT(AND(ISNUMBER(SEARCH("$C",_xlfn.FORMULATEXT(D15))),ISNUMBER(SEARCH("$9",_xlfn.FORMULATEXT(D15))))),"✗",IF(ROUND(D15,2)=ROUND(Klíč!A55,2),"✓","✗")))) -> ✓ | H15: =IF(E15="","",IF(NOT(_xlfn.ISFORMULA(E15)),"✗",IF(NOT(AND(ISNUMBER(SEARCH("$C",_xlfn.FORMULATEXT(E15))),ISNUMBER(SEARCH("$9",_xlfn.FORMULATEXT(E15))))),"✗",IF(ROUND(E15,2)=ROUND(Klíč!A56,2),"✓","✗")))) -> ✓ | I15: =IF(F15="","",IF(NOT(_xlfn.ISFORMULA(F15)),"✗",IF(NOT(AND(ISNUMBER(SEARCH("$C",_xlfn.FORMULATEXT(F15))),ISNUMBER(SEARCH("$9",_xlfn.FORMULATEXT(F15))))),"✗",IF(ROUND(F15,2)=ROUND(Klíč!A57,2),"✓","✗")))) -> ✓
B17: 💡 Tip:
B18: Vzorec do D10 by mohl být: =$C10 * D$9
B19: $C10 = cena v EUR (sloupec C nemění, řádek se posune)
B20: D$9 = kurz (sloupec D/E/F se posune, řádek 9 se nemění)
B22: Skóre tohoto úkolu: | E22: =AB1 & " / " & AB2 & " bodů" -> 18 / 18 bodů

Sheet Úkol 4
AB1: =COUNTIF(G9:J14,"✓") -> 24
B2: Úkol 4 – Smíšená adresace: zámek sloupce $A1 | AB2: 24
B4: 📝 ZADÁNÍ:
B5: Spočítej, kolik je různých procent z různých částek (např. 5% z 500 Kč).
B6: Procenta jsou v levém sloupci, částky v horním řádku. Vyplň tabulku jediným vzorcem!
B8: Procenta ↓ | C8: 500 | D8: 1000 | E8: 2000 | F8: 5000
B9: 0.05 | C9: =C$8*$B9 -> 25 | D9: =D$8*$B9 -> 50 | E9: =E$8*$B9 -> 100 | F9: =F$8*$B9 -> 250 | G9: =IF(C9="","",IF(NOT(_xlfn.ISFORMULA(C9)),"✗",IF(NOT(AND(ISNUMBER(SEARCH("$B",_xlfn.FORMULATEXT(C9))),ISNUMBER(SEARCH("$8",_xlfn.FORMULATEXT(C9))))),"✗",IF(ROUND(C9,2)=ROUND(Klíč!A80,2),"✓","✗")))) -> ✓ | H9: =IF(D9="","",IF(NOT(_xlfn.ISFORMULA(D9)),"✗",IF(NOT(AND(ISNUMBER(SEARCH("$B",_xlfn.FORMULATEXT(D9))),ISNUMBER(SEARCH("$8",_xlfn.FORMULATEXT(D9))))),"✗",IF(ROUND(D9,2)=ROUND(Klíč!A81,2),"✓","✗")))) -> ✓ | I9: =IF(E9="","",IF(NOT(_xlfn.ISFORMULA(E9)),"✗",IF(NOT(AND(ISNUMBER(SEARCH("$B",_xlfn.FORMULATEXT(E9))),ISNUMBER(SEARCH("$8",_xlfn.FORMULATEXT(E9))))),"✗",IF(ROUND(E9,2)=ROUND(Klíč!A82,2),"✓","✗")))) -> ✓ | J9: =IF(F9="","",IF(NOT(_xlfn.ISFORMULA(F9)),"✗",IF(NOT(AND(ISNUMBER(SEARCH("$B",_xlfn.FORMULATEXT(F9))),ISNUMBER(SEARCH("$8",_xlfn.FORMULATEXT(F9))))),"✗",IF(ROUND(F9,2)=ROUND(Klíč!A83,2),"✓","✗")))) -> ✓
B10: 0.1 | C10: =C$8*$B10 -> 50 | D10: =D$8*$B10 -> 100 | E10: =E$8*$B10 -> 200 | F10: =F$8*$B10 -> 500 | G10: =IF(C10="","",IF(NOT(_xlfn.ISFORMULA(C10)),"✗",IF(NOT(AND(ISNUMBER(SEARCH("$B",_xlfn.FORMULATEXT(C10))),ISNUMBER(SEARCH("$8",_xlfn.FORMULATEXT(C10))))),"✗",IF(ROUND(C10,2)=ROUND(Klíč!A84,2),"✓","✗")))) -> ✓ | H10: =IF(D10="","",IF(NOT(_xlfn.ISFORMULA(D10)),"✗",IF(NOT(AND(ISNUMBER(SEARCH("$B",_xlfn.FORMULATEXT(D10))),ISNUMBER(SEARCH("$8",_xlfn.FORMULATEXT(D10))))),"✗",IF(ROUND(D10,2)=ROUND(Klíč!A85,2),"✓","✗")))) -> ✓ | I10: =IF(E10="","",IF(NOT(_xlfn.ISFORMULA(E10)),"✗",IF(NOT(AND(ISNUMBER(SEARCH("$B",_xlfn.FORMULATEXT(E10))),ISNUMBER(SEARCH("$8",_xlfn.FORMULATEXT(E10))))),"✗",IF(ROUND(E10,2)=ROUND(Klíč!A86,2),"✓","✗")))) -> ✓ | J10: =IF(F10="","",IF(NOT(_xlfn.ISFORMULA(F10)),"✗",IF(NOT(AND(ISNUMBER(SEARCH("$B",_xlfn.FORMULATEXT(F10))),ISNUMBER(SEARCH("$8",_xlfn.FORMULATEXT(F10))))),"✗",IF(ROUND(F10,2)=ROUND(Klíč!A87,2),"✓","✗")))) -> ✓
B11: 0.15 | C11: =C$8*$B11 -> 75 | D11: =D$8*$B11 -> 150 | E11: =E$8*$B11 -> 300 | F11: =F$8*$B11 -> 750 | G11: =IF(C11="","",IF(NOT(_xlfn.ISFORMULA(C11)),"✗",IF(NOT(AND(ISNUMBER(SEARCH("$B",_xlfn.FORMULATEXT(C11))),ISNUMBER(SEARCH("$8",_xlfn.FORMULATEXT(C11))))),"✗",IF(ROUND(C11,2)=ROUND(Klíč!A88,2),"✓","✗")))) -> ✓ | H11: =IF(D11="","",IF(NOT(_xlfn.ISFORMULA(D11)),"✗",IF(NOT(AND(ISNUMBER(SEARCH("$B",_xlfn.FORMULATEXT(D11))),ISNUMBER(SEARCH("$8",_xlfn.FORMULATEXT(D11))))),"✗",IF(ROUND(D11,2)=ROUND(Klíč!A89,2),"✓","✗")))) -> ✓ | I11: =IF(E11="","",IF(NOT(_xlfn.ISFORMULA(E11)),"✗",IF(NOT(AND(ISNUMBER(SEARCH("$B",_xlfn.FORMULATEXT(E11))),ISNUMBER(SEARCH("$8",_xlfn.FORMULATEXT(E11))))),"✗",IF(ROUND(E11,2)=ROUND(Klíč!A90,2),"✓","✗")))) -> ✓ | J11: =IF(F11="","",IF(NOT(_xlfn.ISFORMULA(F11)),"✗",IF(NOT(AND(ISNUMBER(SEARCH("$B",_xlfn.FORMULATEXT(F11))),ISNUMBER(SEARCH("$8",_xlfn.FORMULATEXT(F11))))),"✗",IF(ROUND(F11,2)=ROUND(Klíč!A91,2),"✓","✗")))) -> ✓
B12: 0.2 | C12: =C$8*$B12 -> 100 | D12: =D$8*$B12 -> 200 | E12: =E$8*$B12 -> 400 | F12: =F$8*$B12 -> 1000 | G12: =IF(C12="","",IF(NOT(_xlfn.ISFORMULA(C12)),"✗",IF(NOT(AND(ISNUMBER(SEARCH("$B",_xlfn.FORMULATEXT(C12))),ISNUMBER(SEARCH("$8",_xlfn.FORMULATEXT(C12))))),"✗",IF(ROUND(C12,2)=ROUND(Klíč!A92,2),"✓","✗")))) -> ✓ | H12: =IF(D12="","",IF(NOT(_xlfn.ISFORMULA(D12)),"✗",IF(NOT(AND(ISNUMBER(SEARCH("$B",_xlfn.FORMULATEXT(D12))),ISNUMBER(SEARCH("$8",_xlfn.FORMULATEXT(D12))))),"✗",IF(ROUND(D12,2)=ROUND(Klíč!A93,2),"✓","✗")))) -> ✓ | I12: =IF(E12="","",IF(NOT(_xlfn.ISFORMULA(E12)),"✗",IF(NOT(AND(ISNUMBER(SEARCH("$B",_xlfn.FORMULATEXT(E12))),ISNUMBER(SEARCH("$8",_xlfn.FORMULATEXT(E12))))),"✗",IF(ROUND(E12,2)=ROUND(Klíč!A94,2),"✓","✗")))) -> ✓ | J12: =IF(F12="","",IF(NOT(_xlfn.ISFORMULA(F12)),"✗",IF(NOT(AND(ISNUMBER(SEARCH("$B",_xlfn.FORMULATEXT(F12))),ISNUMBER(SEARCH("$8",_xlfn.FORMULATEXT(F12))))),"✗",IF(ROUND(F12,2)=ROUND(Klíč!A95,2),"✓","✗")))) -> ✓
B13: 0.25 | C13: =C$8*$B13 -> 125 | D13: =D$8*$B13 -> 250 | E13: =E$8*$B13 -> 500 | F13: =F$8*$B13 -> 1250 | G13: =IF(C13="","",IF(NOT(_xlfn.ISFORMULA(C13)),"✗",IF(NOT(AND(ISNUMBER(SEARCH("$B",_xlfn.FORMULATEXT(C13))),ISNUMBER(SEARCH("$8",_xlfn.FORMULATEXT(C13))))),"✗",IF(ROUND(C13,2)=ROUND(Klíč!A96,2),"✓","✗")))) -> ✓ | H13: =IF(D13="","",IF(NOT(_xlfn.ISFORMULA(D13)),"✗",IF(NOT(AND(ISNUMBER(SEARCH("$B",_xlfn.FORMULATEXT(D13))),ISNUMBER(SEARCH("$8",_xlfn.FORMULATEXT(D13))))),"✗",IF(ROUND(D13,2)=ROUND(Klíč!A97,2),"✓","✗")))) -> ✓ | I13: =IF(E13="","",IF(NOT(_xlfn.ISFORMULA(E13)),"✗",IF(NOT(AND(ISNUMBER(SEARCH("$B",_xlfn.FORMULATEXT(E13))),ISNUMBER(SEARCH("$8",_xlfn.FORMULATEXT(E13))))),"✗",IF(ROUND(E13,2)=ROUND(Klíč!A98,2),"✓","✗")))) -> ✓ | J13: =IF(F13="","",IF(NOT(_xlfn.ISFORMULA(F13)),"✗",IF(NOT(AND(ISNUMBER(SEARCH("$B",_xlfn.FORMULATEXT(F13))),ISNUMBER(SEARCH("$8",_xlfn.FORMULATEXT(F13))))),"✗",IF(ROUND(F13,2)=ROUND(Klíč!A99,2),"✓","✗")))) -> ✓
B14: 0.5 | C14: =C$8*$B14 -> 250 | D14: =D$8*$B14 -> 500 | E14: =E$8*$B14 -> 1000 | F14: =F$8*$B14 -> 2500 | G14: =IF(C14="","",IF(NOT(_xlfn.ISFORMULA(C14)),"✗",IF(NOT(AND(ISNUMBER(SEARCH("$B",_xlfn.FORMULATEXT(C14))),ISNUMBER(SEARCH("$8",_xlfn.FORMULATEXT(C14))))),"✗",IF(ROUND(C14,2)=ROUND(Klíč!A100,2),"✓","✗")))) -> ✓ | H14: =IF(D14="","",IF(NOT(_xlfn.ISFORMULA(D14)),"✗",IF(NOT(AND(ISNUMBER(SEARCH("$B",_xlfn.FORMULATEXT(D14))),ISNUMBER(SEARCH("$8",_xlfn.FORMULATEXT(D14))))),"✗",IF(ROUND(D14,2)=ROUND(Klíč!A101,2),"✓","✗")))) -> ✓ | I14: =IF(E14="","",IF(NOT(_xlfn.ISFORMULA(E14)),"✗",IF(NOT(AND(ISNUMBER(SEARCH("$B",_xlfn.FORMULATEXT(E14))),ISNUMBER(SEARCH("$8",_xlfn.FORMULATEXT(E14))))),"✗",IF(ROUND(E14,2)=ROUND(Klíč!A102,2),"✓","✗")))) -> ✓ | J14: =IF(F14="","",IF(NOT(_xlfn.ISFORMULA(F14)),"✗",IF(NOT(AND(ISNUMBER(SEARCH("$B",_xlfn.FORMULATEXT(F14))),ISNUMBER(SEARCH("$8",_xlfn.FORMULATEXT(F14))))),"✗",IF(ROUND(F14,2)=ROUND(Klíč!A103,2),"✓","✗")))) -> ✓
B16: 💡 Tip:
B17: Procenta jsou v B9 jako text "5%" - nemůžeš je přímo násobit. Co s tím?
B18: Když ti to nepůjde, zkus: =$B9*C$8/100 - ale procenta musí být jen čísla (5, 10, 15...).
B20: Skóre tohoto úkolu: | E20: =AB1 & " / " & AB2 & " bodů" -> 24 / 24 bodů

Sheet Úkol 5
AB1: =COUNTIF(L9:R15,"✓") -> 49
B2: Úkol 5 – Násobilka jediným vzorcem | AB2: 49
B4: 📝 ZADÁNÍ:
B5: Vyplň tabulku malé násobilky (1×1 až 7×7). Pravidla:
B6: 1) Napiš vzorec JEN do první žluté buňky (D8). 2) Zkopíruj ho do celé tabulky.
B7: Použij smíšenou adresaci (hint je dole).
C8: × | D8: 1 | E8: 2 | F8: 3 | G8: 4 | H8: 5 | I8: 6 | J8: 7
C9: 1 | D9: =$C9*D$8 -> 1 | E9: =$C9*E$8 -> 2 | F9: =$C9*F$8 -> 3 | G9: =$C9*G$8 -> 4 | H9: =$C9*H$8 -> 5 | I9: =$C9*I$8 -> 6 | J9: =$C9*J$8 -> 7 | L9: =IF(D9="","",IF(NOT(_xlfn.ISFORMULA(D9)),"✗",IF(NOT(AND(ISNUMBER(SEARCH("$C",_xlfn.FORMULATEXT(D9))),ISNUMBER(SEARCH("$8",_xlfn.FORMULATEXT(D9))))),"✗",IF(ROUND(D9,2)=ROUND(Klíč!A120,2),"✓","✗")))) -> ✓ | M9: =IF(E9="","",IF(NOT(_xlfn.ISFORMULA(E9)),"✗",IF(NOT(AND(ISNUMBER(SEARCH("$C",_xlfn.FORMULATEXT(E9))),ISNUMBER(SEARCH("$8",_xlfn.FORMULATEXT(E9))))),"✗",IF(ROUND(E9,2)=ROUND(Klíč!A121,2),"✓","✗")))) -> ✓ | N9: =IF(F9="","",IF(NOT(_xlfn.ISFORMULA(F9)),"✗",IF(NOT(AND(ISNUMBER(SEARCH("$C",_xlfn.FORMULATEXT(F9))),ISNUMBER(SEARCH("$8",_xlfn.FORMULATEXT(F9))))),"✗",IF(ROUND(F9,2)=ROUND(Klíč!A122,2),"✓","✗")))) -> ✓ | O9: =IF(G9="","",IF(NOT(_xlfn.ISFORMULA(G9)),"✗",IF(NOT(AND(ISNUMBER(SEARCH("$C",_xlfn.FORMULATEXT(G9))),ISNUMBER(SEARCH("$8",_xlfn.FORMULATEXT(G9))))),"✗",IF(ROUND(G9,2)=ROUND(Klíč!A123,2),"✓","✗")))) -> ✓ | P9: =IF(H9="","",IF(NOT(_xlfn.ISFORMULA(H9)),"✗",IF(NOT(AND(ISNUMBER(SEARCH("$C",_xlfn.FORMULATEXT(H9))),ISNUMBER(SEARCH("$8",_xlfn.FORMULATEXT(H9))))),"✗",IF(ROUND(H9,2)=ROUND(Klíč!A124,2),"✓","✗")))) -> ✓ | Q9: =IF(I9="","",IF(NOT(_xlfn.ISFORMULA(I9)),"✗",IF(NOT(AND(ISNUMBER(SEARCH("$C",_xlfn.FORMULATEXT(I9))),ISNUMBER(SEARCH("$8",_xlfn.FORMULATEXT(I9))))),"✗",IF(ROUND(I9,2)=ROUND(Klíč!A125,2),"✓","✗")))) -> ✓ | R9: =IF(J9="","",IF(NOT(_xlfn.ISFORMULA(J9)),"✗",IF(NOT(AND(ISNUMBER(SEARCH("$C",_xlfn.FORMULATEXT(J9))),ISNUMBER(SEARCH("$8",_xlfn.FORMULATEXT(J9))))),"✗",IF(ROUND(J9,2)=ROUND(Klíč!A126,2),"✓","✗")))) -> ✓
C10: 2 | D10: =$C10*D$8 -> 2 | E10: =$C10*E$8 -> 4 | F10: =$C10*F$8 -> 6 | G10: =$C10*G$8 -> 8 | H10: =$C10*H$8 -> 10 | I10: =$C10*I$8 -> 12 | J10: =$C10*J$8 -> 14 | L10: =IF(D10="","",IF(NOT(_xlfn.ISFORMULA(D10)),"✗",IF(NOT(AND(ISNUMBER(SEARCH("$C",_xlfn.FORMULATEXT(D10))),ISNUMBER(SEARCH("$8",_xlfn.FORMULATEXT(D10))))),"✗",IF(ROUND(D10,2)=ROUND(Klíč!A127,2),"✓","✗")))) -> ✓ | M10: =IF(E10="","",IF(NOT(_xlfn.ISFORMULA(E10)),"✗",IF(NOT(AND(ISNUMBER(SEARCH("$C",_xlfn.FORMULATEXT(E10))),ISNUMBER(SEARCH("$8",_xlfn.FORMULATEXT(E10))))),"✗",IF(ROUND(E10,2)=ROUND(Klíč!A128,2),"✓","✗")))) -> ✓ | N10: =IF(F10="","",IF(NOT(_xlfn.ISFORMULA(F10)),"✗",IF(NOT(AND(ISNUMBER(SEARCH("$C",_xlfn.FORMULATEXT(F10))),ISNUMBER(SEARCH("$8",_xlfn.FORMULATEXT(F10))))),"✗",IF(ROUND(F10,2)=ROUND(Klíč!A129,2),"✓","✗")))) -> ✓ | O10: =IF(G10="","",IF(NOT(_xlfn.ISFORMULA(G10)),"✗",IF(NOT(AND(ISNUMBER(SEARCH("$C",_xlfn.FORMULATEXT(G10))),ISNUMBER(SEARCH("$8",_xlfn.FORMULATEXT(G10))))),"✗",IF(ROUND(G10,2)=ROUND(Klíč!A130,2),"✓","✗")))) -> ✓ | P10: =IF(H10="","",IF(NOT(_xlfn.ISFORMULA(H10)),"✗",IF(NOT(AND(ISNUMBER(SEARCH("$C",_xlfn.FORMULATEXT(H10))),ISNUMBER(SEARCH("$8",_xlfn.FORMULATEXT(H10))))),"✗",IF(ROUND(H10,2)=ROUND(Klíč!A131,2),"✓","✗")))) -> ✓ | Q10: =IF(I10="","",IF(NOT(_xlfn.ISFORMULA(I10)),"✗",IF(NOT(AND(ISNUMBER(SEARCH("$C",_xlfn.FORMULATEXT(I10))),ISNUMBER(SEARCH("$8",_xlfn.FORMULATEXT(I10))))),"✗",IF(ROUND(I10,2)=ROUND(Klíč!A132,2),"✓","✗")))) -> ✓ | R10: =IF(J10="","",IF(NOT(_xlfn.ISFORMULA(J10)),"✗",IF(NOT(AND(ISNUMBER(SEARCH("$C",_xlfn.FORMULATEXT(J10))),ISNUMBER(SEARCH("$8",_xlfn.FORMULATEXT(J10))))),"✗",IF(ROUND(J10,2)=ROUND(Klíč!A133,2),"✓","✗")))) -> ✓
C11: 3 | D11: =$C11*D$8 -> 3 | E11: =$C11*E$8 -> 6 | F11: =$C11*F$8 -> 9 | G11: =$C11*G$8 -> 12 | H11: =$C11*H$8 -> 15 | I11: =$C11*I$8 -> 18 | J11: =$C11*J$8 -> 21 | L11: =IF(D11="","",IF(NOT(_xlfn.ISFORMULA(D11)),"✗",IF(NOT(AND(ISNUMBER(SEARCH("$C",_xlfn.FORMULATEXT(D11))),ISNUMBER(SEARCH("$8",_xlfn.FORMULATEXT(D11))))),"✗",IF(ROUND(D11,2)=ROUND(Klíč!A134,2),"✓","✗")))) -> ✓ | M11: =IF(E11="","",IF(NOT(_xlfn.ISFORMULA(E11)),"✗",IF(NOT(AND(ISNUMBER(SEARCH("$C",_xlfn.FORMULATEXT(E11))),ISNUMBER(SEARCH("$8",_xlfn.FORMULATEXT(E11))))),"✗",IF(ROUND(E11,2)=ROUND(Klíč!A135,2),"✓","✗")))) -> ✓ | N11: =IF(F11="","",IF(NOT(_xlfn.ISFORMULA(F11)),"✗",IF(NOT(AND(ISNUMBER(SEARCH("$C",_xlfn.FORMULATEXT(F11))),ISNUMBER(SEARCH("$8",_xlfn.FORMULATEXT(F11))))),"✗",IF(ROUND(F11,2)=ROUND(Klíč!A136,2),"✓","✗")))) -> ✓ | O11: =IF(G11="","",IF(NOT(_xlfn.ISFORMULA(G11)),"✗",IF(NOT(AND(ISNUMBER(SEARCH("$C",_xlfn.FORMULATEXT(G11))),ISNUMBER(SEARCH("$8",_xlfn.FORMULATEXT(G11))))),"✗",IF(ROUND(G11,2)=ROUND(Klíč!A137,2),"✓","✗")))) -> ✓ | P11: =IF(H11="","",IF(NOT(_xlfn.ISFORMULA(H11)),"✗",IF(NOT(AND(ISNUMBER(SEARCH("$C",_xlfn.FORMULATEXT(H11))),ISNUMBER(SEARCH("$8",_xlfn.FORMULATEXT(H11))))),"✗",IF(ROUND(H11,2)=ROUND(Klíč!A138,2),"✓","✗")))) -> ✓ | Q11: =IF(I11="","",IF(NOT(_xlfn.ISFORMULA(I11)),"✗",IF(NOT(AND(ISNUMBER(SEARCH("$C",_xlfn.FORMULATEXT(I11))),ISNUMBER(SEARCH("$8",_xlfn.FORMULATEXT(I11))))),"✗",IF(ROUND(I11,2)=ROUND(Klíč!A139,2),"✓","✗")))) -> ✓ | R11: =IF(J11="","",IF(NOT(_xlfn.ISFORMULA(J11)),"✗",IF(NOT(AND(ISNUMBER(SEARCH("$C",_xlfn.FORMULATEXT(J11))),ISNUMBER(SEARCH("$8",_xlfn.FORMULATEXT(J11))))),"✗",IF(ROUND(J11,2)=ROUND(Klíč!A140,2),"✓","✗")))) -> ✓
C12: 4 | D12: =$C12*D$8 -> 4 | E12: =$C12*E$8 -> 8 | F12: =$C12*F$8 -> 12 | G12: =$C12*G$8 -> 16 | H12: =$C12*H$8 -> 20 | I12: =$C12*I$8 -> 24 | J12: =$C12*J$8 -> 28 | L12: =IF(D12="","",IF(NOT(_xlfn.ISFORMULA(D12)),"✗",IF(NOT(AND(ISNUMBER(SEARCH("$C",_xlfn.FORMULATEXT(D12))),ISNUMBER(SEARCH("$8",_xlfn.FORMULATEXT(D12))))),"✗",IF(ROUND(D12,2)=ROUND(Klíč!A141,2),"✓","✗")))) -> ✓ | M12: =IF(E12="","",IF(NOT(_xlfn.ISFORMULA(E12)),"✗",IF(NOT(AND(ISNUMBER(SEARCH("$C",_xlfn.FORMULATEXT(E12))),ISNUMBER(SEARCH("$8",_xlfn.FORMULATEXT(E12))))),"✗",IF(ROUND(E12,2)=ROUND(Klíč!A142,2),"✓","✗")))) -> ✓ | N12: =IF(F12="","",IF(NOT(_xlfn.ISFORMULA(F12)),"✗",IF(NOT(AND(ISNUMBER(SEARCH("$C",_xlfn.FORMULATEXT(F12))),ISNUMBER(SEARCH("$8",_xlfn.FORMULATEXT(F12))))),"✗",IF(ROUND(F12,2)=ROUND(Klíč!A143,2),"✓","✗")))) -> ✓ | O12: =IF(G12="","",IF(NOT(_xlfn.ISFORMULA(G12)),"✗",IF(NOT(AND(ISNUMBER(SEARCH("$C",_xlfn.FORMULATEXT(G12))),ISNUMBER(SEARCH("$8",_xlfn.FORMULATEXT(G12))))),"✗",IF(ROUND(G12,2)=ROUND(Klíč!A144,2),"✓","✗")))) -> ✓ | P12: =IF(H12="","",IF(NOT(_xlfn.ISFORMULA(H12)),"✗",IF(NOT(AND(ISNUMBER(SEARCH("$C",_xlfn.FORMULATEXT(H12))),ISNUMBER(SEARCH("$8",_xlfn.FORMULATEXT(H12))))),"✗",IF(ROUND(H12,2)=ROUND(Klíč!A145,2),"✓","✗")))) -> ✓ | Q12: =IF(I12="","",IF(NOT(_xlfn.ISFORMULA(I12)),"✗",IF(NOT(AND(ISNUMBER(SEARCH("$C",_xlfn.FORMULATEXT(I12))),ISNUMBER(SEARCH("$8",_xlfn.FORMULATEXT(I12))))),"✗",IF(ROUND(I12,2)=ROUND(Klíč!A146,2),"✓","✗")))) -> ✓ | R12: =IF(J12="","",IF(NOT(_xlfn.ISFORMULA(J12)),"✗",IF(NOT(AND(ISNUMBER(SEARCH("$C",_xlfn.FORMULATEXT(J12))),ISNUMBER(SEARCH("$8",_xlfn.FORMULATEXT(J12))))),"✗",IF(ROUND(J12,2)=ROUND(Klíč!A147,2),"✓","✗")))) -> ✓
C13: 5 | D13: =$C13*D$8 -> 5 | E13: =$C13*E$8 -> 10 | F13: =$C13*F$8 -> 15 | G13: =$C13*G$8 -> 20 | H13: =$C13*H$8 -> 25 | I13: =$C13*I$8 -> 30 | J13: =$C13*J$8 -> 35 | L13: =IF(D13="","",IF(NOT(_xlfn.ISFORMULA(D13)),"✗",IF(NOT(AND(ISNUMBER(SEARCH("$C",_xlfn.FORMULATEXT(D13))),ISNUMBER(SEARCH("$8",_xlfn.FORMULATEXT(D13))))),"✗",IF(ROUND(D13,2)=ROUND(Klíč!A148,2),"✓","✗")))) -> ✓ | M13: =IF(E13="","",IF(NOT(_xlfn.ISFORMULA(E13)),"✗",IF(NOT(AND(ISNUMBER(SEARCH("$C",_xlfn.FORMULATEXT(E13))),ISNUMBER(SEARCH("$8",_xlfn.FORMULATEXT(E13))))),"✗",IF(ROUND(E13,2)=ROUND(Klíč!A149,2),"✓","✗")))) -> ✓ | N13: =IF(F13="","",IF(NOT(_xlfn.ISFORMULA(F13)),"✗",IF(NOT(AND(ISNUMBER(SEARCH("$C",_xlfn.FORMULATEXT(F13))),ISNUMBER(SEARCH("$8",_xlfn.FORMULATEXT(F13))))),"✗",IF(ROUND(F13,2)=ROUND(Klíč!A150,2),"✓","✗")))) -> ✓ | O13: =IF(G13="","",IF(NOT(_xlfn.ISFORMULA(G13)),"✗",IF(NOT(AND(ISNUMBER(SEARCH("$C",_xlfn.FORMULATEXT(G13))),ISNUMBER(SEARCH("$8",_xlfn.FORMULATEXT(G13))))),"✗",IF(ROUND(G13,2)=ROUND(Klíč!A151,2),"✓","✗")))) -> ✓ | P13: =IF(H13="","",IF(NOT(_xlfn.ISFORMULA(H13)),"✗",IF(NOT(AND(ISNUMBER(SEARCH("$C",_xlfn.FORMULATEXT(H13))),ISNUMBER(SEARCH("$8",_xlfn.FORMULATEXT(H13))))),"✗",IF(ROUND(H13,2)=ROUND(Klíč!A152,2),"✓","✗")))) -> ✓ | Q13: =IF(I13="","",IF(NOT(_xlfn.ISFORMULA(I13)),"✗",IF(NOT(AND(ISNUMBER(SEARCH("$C",_xlfn.FORMULATEXT(I13))),ISNUMBER(SEARCH("$8",_xlfn.FORMULATEXT(I13))))),"✗",IF(ROUND(I13,2)=ROUND(Klíč!A153,2),"✓","✗")))) -> ✓ | R13: =IF(J13="","",IF(NOT(_xlfn.ISFORMULA(J13)),"✗",IF(NOT(AND(ISNUMBER(SEARCH("$C",_xlfn.FORMULATEXT(J13))),ISNUMBER(SEARCH("$8",_xlfn.FORMULATEXT(J13))))),"✗",IF(ROUND(J13,2)=ROUND(Klíč!A154,2),"✓","✗")))) -> ✓
C14: 6 | D14: =$C14*D$8 -> 6 | E14: =$C14*E$8 -> 12 | F14: =$C14*F$8 -> 18 | G14: =$C14*G$8 -> 24 | H14: =$C14*H$8 -> 30 | I14: =$C14*I$8 -> 36 | J14: =$C14*J$8 -> 42 | L14: =IF(D14="","",IF(NOT(_xlfn.ISFORMULA(D14)),"✗",IF(NOT(AND(ISNUMBER(SEARCH("$C",_xlfn.FORMULATEXT(D14))),ISNUMBER(SEARCH("$8",_xlfn.FORMULATEXT(D14))))),"✗",IF(ROUND(D14,2)=ROUND(Klíč!A155,2),"✓","✗")))) -> ✓ | M14: =IF(E14="","",IF(NOT(_xlfn.ISFORMULA(E14)),"✗",IF(NOT(AND(ISNUMBER(SEARCH("$C",_xlfn.FORMULATEXT(E14))),ISNUMBER(SEARCH("$8",_xlfn.FORMULATEXT(E14))))),"✗",IF(ROUND(E14,2)=ROUND(Klíč!A156,2),"✓","✗")))) -> ✓ | N14: =IF(F14="","",IF(NOT(_xlfn.ISFORMULA(F14)),"✗",IF(NOT(AND(ISNUMBER(SEARCH("$C",_xlfn.FORMULATEXT(F14))),ISNUMBER(SEARCH("$8",_xlfn.FORMULATEXT(F14))))),"✗",IF(ROUND(F14,2)=ROUND(Klíč!A157,2),"✓","✗")))) -> ✓ | O14: =IF(G14="","",IF(NOT(_xlfn.ISFORMULA(G14)),"✗",IF(NOT(AND(ISNUMBER(SEARCH("$C",_xlfn.FORMULATEXT(G14))),ISNUMBER(SEARCH("$8",_xlfn.FORMULATEXT(G14))))),"✗",IF(ROUND(G14,2)=ROUND(Klíč!A158,2),"✓","✗")))) -> ✓ | P14: =IF(H14="","",IF(NOT(_xlfn.ISFORMULA(H14)),"✗",IF(NOT(AND(ISNUMBER(SEARCH("$C",_xlfn.FORMULATEXT(H14))),ISNUMBER(SEARCH("$8",_xlfn.FORMULATEXT(H14))))),"✗",IF(ROUND(H14,2)=ROUND(Klíč!A159,2),"✓","✗")))) -> ✓ | Q14: =IF(I14="","",IF(NOT(_xlfn.ISFORMULA(I14)),"✗",IF(NOT(AND(ISNUMBER(SEARCH("$C",_xlfn.FORMULATEXT(I14))),ISNUMBER(SEARCH("$8",_xlfn.FORMULATEXT(I14))))),"✗",IF(ROUND(I14,2)=ROUND(Klíč!A160,2),"✓","✗")))) -> ✓ | R14: =IF(J14="","",IF(NOT(_xlfn.ISFORMULA(J14)),"✗",IF(NOT(AND(ISNUMBER(SEARCH("$C",_xlfn.FORMULATEXT(J14))),ISNUMBER(SEARCH("$8",_xlfn.FORMULATEXT(J14))))),"✗",IF(ROUND(J14,2)=ROUND(Klíč!A161,2),"✓","✗")))) -> ✓
C15: 7 | D15: =$C15*D$8 -> 7 | E15: =$C15*E$8 -> 14 | F15: =$C15*F$8 -> 21 | G15: =$C15*G$8 -> 28 | H15: =$C15*H$8 -> 35 | I15: =$C15*I$8 -> 42 | J15: =$C15*J$8 -> 49 | L15: =IF(D15="","",IF(NOT(_xlfn.ISFORMULA(D15)),"✗",IF(NOT(AND(ISNUMBER(SEARCH("$C",_xlfn.FORMULATEXT(D15))),ISNUMBER(SEARCH("$8",_xlfn.FORMULATEXT(D15))))),"✗",IF(ROUND(D15,2)=ROUND(Klíč!A162,2),"✓","✗")))) -> ✓ | M15: =IF(E15="","",IF(NOT(_xlfn.ISFORMULA(E15)),"✗",IF(NOT(AND(ISNUMBER(SEARCH("$C",_xlfn.FORMULATEXT(E15))),ISNUMBER(SEARCH("$8",_xlfn.FORMULATEXT(E15))))),"✗",IF(ROUND(E15,2)=ROUND(Klíč!A163,2),"✓","✗")))) -> ✓ | N15: =IF(F15="","",IF(NOT(_xlfn.ISFORMULA(F15)),"✗",IF(NOT(AND(ISNUMBER(SEARCH("$C",_xlfn.FORMULATEXT(F15))),ISNUMBER(SEARCH("$8",_xlfn.FORMULATEXT(F15))))),"✗",IF(ROUND(F15,2)=ROUND(Klíč!A164,2),"✓","✗")))) -> ✓ | O15: =IF(G15="","",IF(NOT(_xlfn.ISFORMULA(G15)),"✗",IF(NOT(AND(ISNUMBER(SEARCH("$C",_xlfn.FORMULATEXT(G15))),ISNUMBER(SEARCH("$8",_xlfn.FORMULATEXT(G15))))),"✗",IF(ROUND(G15,2)=ROUND(Klíč!A165,2),"✓","✗")))) -> ✓ | P15: =IF(H15="","",IF(NOT(_xlfn.ISFORMULA(H15)),"✗",IF(NOT(AND(ISNUMBER(SEARCH("$C",_xlfn.FORMULATEXT(H15))),ISNUMBER(SEARCH("$8",_xlfn.FORMULATEXT(H15))))),"✗",IF(ROUND(H15,2)=ROUND(Klíč!A166,2),"✓","✗")))) -> ✓ | Q15: =IF(I15="","",IF(NOT(_xlfn.ISFORMULA(I15)),"✗",IF(NOT(AND(ISNUMBER(SEARCH("$C",_xlfn.FORMULATEXT(I15))),ISNUMBER(SEARCH("$8",_xlfn.FORMULATEXT(I15))))),"✗",IF(ROUND(I15,2)=ROUND(Klíč!A167,2),"✓","✗")))) -> ✓ | R15: =IF(J15="","",IF(NOT(_xlfn.ISFORMULA(J15)),"✗",IF(NOT(AND(ISNUMBER(SEARCH("$C",_xlfn.FORMULATEXT(J15))),ISNUMBER(SEARCH("$8",_xlfn.FORMULATEXT(J15))))),"✗",IF(ROUND(J15,2)=ROUND(Klíč!A168,2),"✓","✗")))) -> ✓
B17: 💡 Hint:
B18: Vzorec v D9 = vrchní číslo × levé číslo. Která čísla se mají "zamknout"?
B19: Když kopíruji DOLŮ → potřebuji, aby horní řádek (s čísly 1, 2, 3...) zůstával stejný.
B20: Když kopíruji DOPRAVA → potřebuji, aby levý sloupec (s čísly 1, 2, 3...) zůstával stejný.
B22: Skóre tohoto úkolu: | E22: =AB1 & " / " & AB2 & " bodů" -> 49 / 49 bodů

Sheet Úkol 6
AB1: =COUNTIF(H11:J18,"✓") -> 24
B2: Úkol 6 – Komplexní úloha: výplaty zaměstnanců | AB2: 24
B4: 📝 ZADÁNÍ:
B5: Spočítej hrubé mzdy, daň, čisté mzdy pro 8 zaměstnanců. Daňová sazba je v jedné buňce.
B6: Použij správně relativní + absolutní adresaci. Hodinové sazby jsou různé!
B8: Daň: | C8: 0.15 | D8: %
B10: Jméno | C10: Hod./měs. | D10: Sazba (Kč/h) | E10: Hrubá mzda | F10: Daň (Kč) | G10: Čistá mzda
B11: Novák | C11: 168 | D11: 280 | E11: =C11*D11 -> 47040 | F11: =E11*$C$8 -> 7056 | G11: =E11-F11 -> 39984 | H11: =IF(E11="","",IF(NOT(_xlfn.ISFORMULA(E11)),"✗",IF(NOT(AND(ISNUMBER(SEARCH("C11",_xlfn.FORMULATEXT(E11))),ISNUMBER(SEARCH("D11",_xlfn.FORMULATEXT(E11))))),"✗",IF(ROUND(E11,2)=ROUND(Klíč!A200,2),"✓","✗")))) -> ✓ | I11: =IF(F11="","",IF(NOT(_xlfn.ISFORMULA(F11)),"✗",IF(NOT(AND(ISNUMBER(SEARCH("$C$8",_xlfn.FORMULATEXT(F11))),OR(ISNUMBER(SEARCH("E11",_xlfn.FORMULATEXT(F11))),AND(ISNUMBER(SEARCH("C11",_xlfn.FORMULATEXT(F11))),ISNUMBER(SEARCH("D11",_xlfn.FORMULATEXT(F11))))))),"✗",IF(ROUND(F11,2)=ROUND(Klíč!A201,2),"✓","✗")))) -> ✓ | J11: =IF(G11="","",IF(NOT(_xlfn.ISFORMULA(G11)),"✗",IF(NOT(AND(ISNUMBER(SEARCH("E11",_xlfn.FORMULATEXT(G11))),ISNUMBER(SEARCH("F11",_xlfn.FORMULATEXT(G11))))),"✗",IF(ROUND(G11,2)=ROUND(Klíč!A202,2),"✓","✗")))) -> ✓
B12: Svoboda | C12: 160 | D12: 320 | E12: =C12*D12 -> 51200 | F12: =E12*$C$8 -> 7680 | G12: =E12-F12 -> 43520 | H12: =IF(E12="","",IF(NOT(_xlfn.ISFORMULA(E12)),"✗",IF(NOT(AND(ISNUMBER(SEARCH("C12",_xlfn.FORMULATEXT(E12))),ISNUMBER(SEARCH("D12",_xlfn.FORMULATEXT(E12))))),"✗",IF(ROUND(E12,2)=ROUND(Klíč!A203,2),"✓","✗")))) -> ✓ | I12: =IF(F12="","",IF(NOT(_xlfn.ISFORMULA(F12)),"✗",IF(NOT(AND(ISNUMBER(SEARCH("$C$8",_xlfn.FORMULATEXT(F12))),OR(ISNUMBER(SEARCH("E12",_xlfn.FORMULATEXT(F12))),AND(ISNUMBER(SEARCH("C12",_xlfn.FORMULATEXT(F12))),ISNUMBER(SEARCH("D12",_xlfn.FORMULATEXT(F12))))))),"✗",IF(ROUND(F12,2)=ROUND(Klíč!A204,2),"✓","✗")))) -> ✓ | J12: =IF(G12="","",IF(NOT(_xlfn.ISFORMULA(G12)),"✗",IF(NOT(AND(ISNUMBER(SEARCH("E12",_xlfn.FORMULATEXT(G12))),ISNUMBER(SEARCH("F12",_xlfn.FORMULATEXT(G12))))),"✗",IF(ROUND(G12,2)=ROUND(Klíč!A205,2),"✓","✗")))) -> ✓
B13: Dvořáková | C13: 175 | D13: 250 | E13: =C13*D13 -> 43750 | F13: =E13*$C$8 -> 6562.5 | G13: =E13-F13 -> 37187.5 | H13: =IF(E13="","",IF(NOT(_xlfn.ISFORMULA(E13)),"✗",IF(NOT(AND(ISNUMBER(SEARCH("C13",_xlfn.FORMULATEXT(E13))),ISNUMBER(SEARCH("D13",_xlfn.FORMULATEXT(E13))))),"✗",IF(ROUND(E13,2)=ROUND(Klíč!A206,2),"✓","✗")))) -> ✓ | I13: =IF(F13="","",IF(NOT(_xlfn.ISFORMULA(F13)),"✗",IF(NOT(AND(ISNUMBER(SEARCH("$C$8",_xlfn.FORMULATEXT(F13))),OR(ISNUMBER(SEARCH("E13",_xlfn.FORMULATEXT(F13))),AND(ISNUMBER(SEARCH("C13",_xlfn.FORMULATEXT(F13))),ISNUMBER(SEARCH("D13",_xlfn.FORMULATEXT(F13))))))),"✗",IF(ROUND(F13,2)=ROUND(Klíč!A207,2),"✓","✗")))) -> ✓ | J13: =IF(G13="","",IF(NOT(_xlfn.ISFORMULA(G13)),"✗",IF(NOT(AND(ISNUMBER(SEARCH("E13",_xlfn.FORMULATEXT(G13))),ISNUMBER(SEARCH("F13",_xlfn.FORMULATEXT(G13))))),"✗",IF(ROUND(G13,2)=ROUND(Klíč!A208,2),"✓","✗")))) -> ✓
B14: Procházka | C14: 180 | D14: 350 | E14: =C14*D14 -> 63000 | F14: =E14*$C$8 -> 9450 | G14: =E14-F14 -> 53550 | H14: =IF(E14="","",IF(NOT(_xlfn.ISFORMULA(E14)),"✗",IF(NOT(AND(ISNUMBER(SEARCH("C14",_xlfn.FORMULATEXT(E14))),ISNUMBER(SEARCH("D14",_xlfn.FORMULATEXT(E14))))),"✗",IF(ROUND(E14,2)=ROUND(Klíč!A209,2),"✓","✗")))) -> ✓ | I14: =IF(F14="","",IF(NOT(_xlfn.ISFORMULA(F14)),"✗",IF(NOT(AND(ISNUMBER(SEARCH("$C$8",_xlfn.FORMULATEXT(F14))),OR(ISNUMBER(SEARCH("E14",_xlfn.FORMULATEXT(F14))),AND(ISNUMBER(SEARCH("C14",_xlfn.FORMULATEXT(F14))),ISNUMBER(SEARCH("D14",_xlfn.FORMULATEXT(F14))))))),"✗",IF(ROUND(F14,2)=ROUND(Klíč!A210,2),"✓","✗")))) -> ✓ | J14: =IF(G14="","",IF(NOT(_xlfn.ISFORMULA(G14)),"✗",IF(NOT(AND(ISNUMBER(SEARCH("E14",_xlfn.FORMULATEXT(G14))),ISNUMBER(SEARCH("F14",_xlfn.FORMULATEXT(G14))))),"✗",IF(ROUND(G14,2)=ROUND(Klíč!A211,2),"✓","✗")))) -> ✓
B15: Černý | C15: 165 | D15: 290 | E15: =C15*D15 -> 47850 | F15: =E15*$C$8 -> 7177.5 | G15: =E15-F15 -> 40672.5 | H15: =IF(E15="","",IF(NOT(_xlfn.ISFORMULA(E15)),"✗",IF(NOT(AND(ISNUMBER(SEARCH("C15",_xlfn.FORMULATEXT(E15))),ISNUMBER(SEARCH("D15",_xlfn.FORMULATEXT(E15))))),"✗",IF(ROUND(E15,2)=ROUND(Klíč!A212,2),"✓","✗")))) -> ✓ | I15: =IF(F15="","",IF(NOT(_xlfn.ISFORMULA(F15)),"✗",IF(NOT(AND(ISNUMBER(SEARCH("$C$8",_xlfn.FORMULATEXT(F15))),OR(ISNUMBER(SEARCH("E15",_xlfn.FORMULATEXT(F15))),AND(ISNUMBER(SEARCH("C15",_xlfn.FORMULATEXT(F15))),ISNUMBER(SEARCH("D15",_xlfn.FORMULATEXT(F15))))))),"✗",IF(ROUND(F15,2)=ROUND(Klíč!A213,2),"✓","✗")))) -> ✓ | J15: =IF(G15="","",IF(NOT(_xlfn.ISFORMULA(G15)),"✗",IF(NOT(AND(ISNUMBER(SEARCH("E15",_xlfn.FORMULATEXT(G15))),ISNUMBER(SEARCH("F15",_xlfn.FORMULATEXT(G15))))),"✗",IF(ROUND(G15,2)=ROUND(Klíč!A214,2),"✓","✗")))) -> ✓
B16: Veselá | C16: 172 | D16: 310 | E16: =C16*D16 -> 53320 | F16: =E16*$C$8 -> 7998 | G16: =E16-F16 -> 45322 | H16: =IF(E16="","",IF(NOT(_xlfn.ISFORMULA(E16)),"✗",IF(NOT(AND(ISNUMBER(SEARCH("C16",_xlfn.FORMULATEXT(E16))),ISNUMBER(SEARCH("D16",_xlfn.FORMULATEXT(E16))))),"✗",IF(ROUND(E16,2)=ROUND(Klíč!A215,2),"✓","✗")))) -> ✓ | I16: =IF(F16="","",IF(NOT(_xlfn.ISFORMULA(F16)),"✗",IF(NOT(AND(ISNUMBER(SEARCH("$C$8",_xlfn.FORMULATEXT(F16))),OR(ISNUMBER(SEARCH("E16",_xlfn.FORMULATEXT(F16))),AND(ISNUMBER(SEARCH("C16",_xlfn.FORMULATEXT(F16))),ISNUMBER(SEARCH("D16",_xlfn.FORMULATEXT(F16))))))),"✗",IF(ROUND(F16,2)=ROUND(Klíč!A216,2),"✓","✗")))) -> ✓ | J16: =IF(G16="","",IF(NOT(_xlfn.ISFORMULA(G16)),"✗",IF(NOT(AND(ISNUMBER(SEARCH("E16",_xlfn.FORMULATEXT(G16))),ISNUMBER(SEARCH("F16",_xlfn.FORMULATEXT(G16))))),"✗",IF(ROUND(G16,2)=ROUND(Klíč!A217,2),"✓","✗")))) -> ✓
B17: Hájek | C17: 168 | D17: 380 | E17: =C17*D17 -> 63840 | F17: =E17*$C$8 -> 9576 | G17: =E17-F17 -> 54264 | H17: =IF(E17="","",IF(NOT(_xlfn.ISFORMULA(E17)),"✗",IF(NOT(AND(ISNUMBER(SEARCH("C17",_xlfn.FORMULATEXT(E17))),ISNUMBER(SEARCH("D17",_xlfn.FORMULATEXT(E17))))),"✗",IF(ROUND(E17,2)=ROUND(Klíč!A218,2),"✓","✗")))) -> ✓ | I17: =IF(F17="","",IF(NOT(_xlfn.ISFORMULA(F17)),"✗",IF(NOT(AND(ISNUMBER(SEARCH("$C$8",_xlfn.FORMULATEXT(F17))),OR(ISNUMBER(SEARCH("E17",_xlfn.FORMULATEXT(F17))),AND(ISNUMBER(SEARCH("C17",_xlfn.FORMULATEXT(F17))),ISNUMBER(SEARCH("D17",_xlfn.FORMULATEXT(F17))))))),"✗",IF(ROUND(F17,2)=ROUND(Klíč!A219,2),"✓","✗")))) -> ✓ | J17: =IF(G17="","",IF(NOT(_xlfn.ISFORMULA(G17)),"✗",IF(NOT(AND(ISNUMBER(SEARCH("E17",_xlfn.FORMULATEXT(G17))),ISNUMBER(SEARCH("F17",_xlfn.FORMULATEXT(G17))))),"✗",IF(ROUND(G17,2)=ROUND(Klíč!A220,2),"✓","✗")))) -> ✓
B18: Marek | C18: 155 | D18: 240 | E18: =C18*D18 -> 37200 | F18: =E18*$C$8 -> 5580 | G18: =E18-F18 -> 31620 | H18: =IF(E18="","",IF(NOT(_xlfn.ISFORMULA(E18)),"✗",IF(NOT(AND(ISNUMBER(SEARCH("C18",_xlfn.FORMULATEXT(E18))),ISNUMBER(SEARCH("D18",_xlfn.FORMULATEXT(E18))))),"✗",IF(ROUND(E18,2)=ROUND(Klíč!A221,2),"✓","✗")))) -> ✓ | I18: =IF(F18="","",IF(NOT(_xlfn.ISFORMULA(F18)),"✗",IF(NOT(AND(ISNUMBER(SEARCH("$C$8",_xlfn.FORMULATEXT(F18))),OR(ISNUMBER(SEARCH("E18",_xlfn.FORMULATEXT(F18))),AND(ISNUMBER(SEARCH("C18",_xlfn.FORMULATEXT(F18))),ISNUMBER(SEARCH("D18",_xlfn.FORMULATEXT(F18))))))),"✗",IF(ROUND(F18,2)=ROUND(Klíč!A222,2),"✓","✗")))) -> ✓ | J18: =IF(G18="","",IF(NOT(_xlfn.ISFORMULA(G18)),"✗",IF(NOT(AND(ISNUMBER(SEARCH("E18",_xlfn.FORMULATEXT(G18))),ISNUMBER(SEARCH("F18",_xlfn.FORMULATEXT(G18))))),"✗",IF(ROUND(G18,2)=ROUND(Klíč!A223,2),"✓","✗")))) -> ✓
B20: 🤔 Otázka k zamyšlení:
B21: Kdyby firma změnila daň ze 15 % na 20 %, jak to změníš v tabulce? Kolik buněk? Než úkol odevzáš ponech 15%!
B22: Tvoje odpověď:
B26: Skóre tohoto úkolu: | E26: =AB1 & " / " & AB2 & " bodů" -> 24 / 24 bodů
