Workbook

Sheet Pokyny
B2: Matematické a statistické funkce – Cvičení
B3: 3. hodina · Procvičovací sešit
B5: Jméno:
B6: Třída:
B8: Pokyny:
B10: 1. | C10: Postupuj listy v pořadí – od Úkolu 1 po Úkol 6.
B11: 2. | C11: Žluté buňky jsou na vyplnění. Vždy použij FUNKCI nebo VZOREC (ne ruční výpočet).
B12: 3. | C12: Vzorec začíná =, pak název funkce a závorky: =SUMA(B2:B10)
B13: 4. | C13: U funkcí se 2 argumenty odděl středníkem: =ZAOKROUHLIT(A1;2)
B14: 5. | C14: Vedle žluté buňky se zobrazí ✓ (správně) nebo ✗ (špatně).
B15: 6. | C15: Klávesou F2 zobrazíš obsah vzorce v buňce.
B17: Přehled úkolů:
B19: Úkol 1 | C19: SUMA | D19: Hokejová liga – 3 sezóny, 6 týmů
B20: Úkol 2 | C20: PRŮMĚR, MIN, MAX | D20: Výsledky testů třídy – 4 předměty
B21: Úkol 3 | C21: POČET, POČET2, POČET.PRÁZDNÝCH | D21: Sklad e-shopu – chybějící data
B22: Úkol 4 | C22: ZAOKROUHLIT | D22: Záludná zaokrouhlování
B23: Úkol 5 | C23: Kombinace funkcí | D23: Analýza cestovní kanceláře
B24: Úkol 6 | C24: Komplexní úloha | D24: Tržby školního bufetu – celý rok
B27: Tvoje celkové skóre: | E27: =SUM('Úkol 1'!AB1,'Úkol 2'!AB1,'Úkol 3'!AB1,'Úkol 4'!AB1,'Úkol 5'!AB1,'Úkol 6'!AB1)&" / "&SUM('Úkol 1'!AB2,'Úkol 2'!AB2,'Úkol 3'!AB2,'Úkol 4'!AB2,'Úkol 5'!AB2,'Úkol 6'!AB2)&" bodů" -> 50 / 50 bodů

Sheet Klíč
A10: 254
A11: 429
A12: 479
A13: 1357
A14: 928
A15: 254
A16: 60
A17: 133
A18: 11.5
A19: 75.388889
A30: 78.2
A31: 96
... A119: 49.4

Sheet Úkol 1
AB1: =COUNTIF(I17:I26,"✓") -> 10
B2: Úkol 1 – Funkce SUMA | AB2: 10
B4: 📝 ZADÁNÍ:
B5: Extraligová hokejová liga sleduje bodové zisky 6 týmů za 3 sezóny.
B6: Vyplň žluté buňky pomocí funkce SUMA. Pozor – ne vždy jde o jeden celistvý rozsah!
B8: Tým | C8: Sezóna 1 | D8: Sezóna 2 | E8: Sezóna 3
B9: Sparta | C9: 85 | D9: 91 | E9: 78
B10: Slavia | C10: 79 | D10: 83 | E10: 88
B11: Plzeň | C11: 72 | D11: 76 | E11: 81
B12: Brno | C12: 65 | D12: 70 | E12: 74
B13: Liberec | C13: 68 | D13: 73 | E13: 77
B14: Olomouc | C14: 60 | D14: 66 | E14: 71
B16: Otázky:
B17: 1) | C17: Celkový počet bodů Sparty za všechny 3 sezóny | H17: =SUM(C9:E9) -> 254 | I17: =IF(H17="","",IF(NOT(_xlfn.ISFORMULA(H17)),"✗",IF(NOT(AND(OR(ISNUMBER(SEARCH("SUM(",_xlfn.FORMULATEXT(H17))),ISNUMBER(SEARCH("SUMA(",_xlfn.FORMULATEXT(H17)))))),"✗",IF(ABS(H17-Klíč!A10)<=0.01,"✓","✗")))) -> ✓
B18: 2) | C18: Celkem bodů celé ligy v 1. sezóně | H18: =SUM(C9:C14) -> 429 | I18: =IF(H18="","",IF(NOT(_xlfn.ISFORMULA(H18)),"✗",IF(NOT(AND(OR(ISNUMBER(SEARCH("SUM(",_xlfn.FORMULATEXT(H18))),ISNUMBER(SEARCH("SUMA(",_xlfn.FORMULATEXT(H18)))))),"✗",IF(ABS(H18-Klíč!A11)<=0.01,"✓","✗")))) -> ✓
B19: 3) | C19: Celkem bodů Slavie a Plzně dohromady za 3 sezóny | H19: =SUM(C10:E11) -> 479 | I19: =IF(H19="","",IF(NOT(_xlfn.ISFORMULA(H19)),"✗",IF(NOT(AND(OR(ISNUMBER(SEARCH("SUM(",_xlfn.FORMULATEXT(H19))),ISNUMBER(SEARCH("SUMA(",_xlfn.FORMULATEXT(H19)))))),"✗",IF(ABS(H19-Klíč!A12)<=0.01,"✓","✗")))) -> ✓
B20: 4) | C20: Celkový součet všech bodů ligy za všechny sezóny | H20: =SUM(C9:E14) -> 1357 | I20: =IF(H20="","",IF(NOT(_xlfn.ISFORMULA(H20)),"✗",IF(NOT(AND(OR(ISNUMBER(SEARCH("SUM(",_xlfn.FORMULATEXT(H20))),ISNUMBER(SEARCH("SUMA(",_xlfn.FORMULATEXT(H20)))))),"✗",IF(ABS(H20-Klíč!A13)<=0.01,"✓","✗")))) -> ✓
B21: 5) | C21: Celkem bodů ve 2. a 3. sezóně (všechny týmy) | H21: =SUM(D9:E14) -> 928 | I21: =IF(H21="","",IF(NOT(_xlfn.ISFORMULA(H21)),"✗",IF(NOT(AND(OR(ISNUMBER(SEARCH("SUM(",_xlfn.FORMULATEXT(H21))),ISNUMBER(SEARCH("SUMA(",_xlfn.FORMULATEXT(H21)))))),"✗",IF(ABS(H21-Klíč!A14)<=0.01,"✓","✗")))) -> ✓
B22: 6) | C22: Celkový počet bodů Sparty (nejúspěšnějšího týmu) | H22: =SUM(C9:E9) -> 254 | I22: =IF(H22="","",IF(NOT(_xlfn.ISFORMULA(H22)),"✗",IF(NOT(AND(OR(ISNUMBER(SEARCH("SUM(",_xlfn.FORMULATEXT(H22))),ISNUMBER(SEARCH("SUMA(",_xlfn.FORMULATEXT(H22)))))),"✗",IF(ABS(H22-Klíč!A15)<=0.01,"✓","✗")))) -> ✓
B23: 7) | C23: Nejnižší bodový zisk v první sezóně | H23: =MIN(C9:C14) -> 60 | I23: =IF(H23="","",IF(NOT(_xlfn.ISFORMULA(H23)),"✗",IF(NOT(AND(OR(ISNUMBER(SEARCH("MIN(",_xlfn.FORMULATEXT(H23)))))),"✗",IF(ABS(H23-Klíč!A16)<=0.01,"✓","✗")))) -> ✓
B24: 8) | C24: Celkem bodů Brna a Liberce v 1. sezóně | H24: =SUM(C12:C13) -> 133 | I24: =IF(H24="","",IF(NOT(_xlfn.ISFORMULA(H24)),"✗",IF(NOT(AND(OR(ISNUMBER(SEARCH("SUM(",_xlfn.FORMULATEXT(H24))),ISNUMBER(SEARCH("SUMA(",_xlfn.FORMULATEXT(H24)))))),"✗",IF(ABS(H24-Klíč!A17)<=0.01,"✓","✗")))) -> ✓
B25: 9) | C25: O kolik bodů zaostával Olomouc za průměrem ligy v 1. sezóně? | H25: =AVERAGE(C9:C14)-C14 -> 11.5 | I25: =IF(H25="","",IF(NOT(_xlfn.ISFORMULA(H25)),"✗",IF(NOT(AND(OR(ISNUMBER(SEARCH("AVERAGE(",_xlfn.FORMULATEXT(H25))),ISNUMBER(SEARCH("PRŮMĚR(",_xlfn.FORMULATEXT(H25)))))),"✗",IF(ABS(H25-Klíč!A18)<=0.05,"✓","✗")))) -> ✓
B26: 10) | C26: Průměrný počet bodů na tým za všechny sezóny | H26: =AVERAGE(C9:E14) -> 75.388889 | I26: =IF(H26="","",IF(NOT(_xlfn.ISFORMULA(H26)),"✗",IF(NOT(AND(OR(ISNUMBER(SEARCH("AVERAGE(",_xlfn.FORMULATEXT(H26))),ISNUMBER(SEARCH("PRŮMĚR(",_xlfn.FORMULATEXT(H26)))))),"✗",IF(ABS(H26-Klíč!A19)<=0.05,"✓","✗")))) -> ✓
B28: Skóre tohoto úkolu: | F28: =AB1 & " / " & AB2 & " bodů" -> 10 / 10 bodů

Sheet Úkol 2
AB1: =COUNTIF(J20:J27,"✓") -> 8
B2: Úkol 2 – PRŮMĚR, MIN, MAX | AB2: 8
B4: 📝 ZADÁNÍ:
B5: Třída psala testy ze 4 předmětů. Výsledky jsou v bodech (0–100).
B6: Pozorně čti zadání – některé úkoly se týkají jen části tabulky.
B7: Žák | C7: Matematika | D7: Fyzika | E7: Čeština | F7: Angličtina
B8: Adam | C8: 72 | D8: 68 | E8: 85 | F8: 79
B9: Bára | C9: 88 | D9: 82 | E9: 76 | F9: 91
B10: Cyril | C10: 65 | D10: 71 | E10: 90 | F10: 83
B11: Dana | C11: 91 | D11: 87 | E11: 72 | F11: 88
B12: Eva | C12: 78 | D12: 74 | E12: 88 | F12: 82
B13: Filip | C13: 55 | D13: 60 | E13: 95 | F13: 74
B14: Hana | C14: 84 | D14: 79 | E14: 81 | F14: 86
B15: Igor | C15: 96 | D15: 92 | E15: 68 | F15: 95
B16: Jana | C16: 70 | D16: 66 | E16: 93 | F16: 77
B17: Karel | C17: 83 | D17: 80 | E17: 77 | F17: 89
B19: Otázky:
B20: 1) | C20: Průměrný počet bodů z matematiky (celá třída) | I20: =AVERAGE(C8:C17) -> 78.2 | J20: =IF(I20="","",IF(NOT(_xlfn.ISFORMULA(I20)),"✗",IF(NOT(AND(OR(ISNUMBER(SEARCH("AVERAGE(",_xlfn.FORMULATEXT(I20))),ISNUMBER(SEARCH("PRŮMĚR(",_xlfn.FORMULATEXT(I20)))))),"✗",IF(ABS(I20-Klíč!A30)<=0.05,"✓","✗")))) -> ✓
B21: 2) | C21: Nejvyšší bodový zisk vůbec (ze všech předmětů i žáků) | I21: =MAX(C8:F17) -> 96 | J21: =IF(I21="","",IF(NOT(_xlfn.ISFORMULA(I21)),"✗",IF(NOT(AND(OR(ISNUMBER(SEARCH("MAX(",_xlfn.FORMULATEXT(I21)))))),"✗",IF(ABS(I21-Klíč!A31)<=0.01,"✓","✗")))) -> ✓
B22: 3) | C22: Nejnižší bodový zisk vůbec (ze všech předmětů i žáků) | I22: =MIN(C8:F17) -> 55 | J22: =IF(I22="","",IF(NOT(_xlfn.ISFORMULA(I22)),"✗",IF(NOT(AND(OR(ISNUMBER(SEARCH("MIN(",_xlfn.FORMULATEXT(I22)))))),"✗",IF(ABS(I22-Klíč!A32)<=0.01,"✓","✗")))) -> ✓
B23: 4) | C23: Průměrný počet bodů z fyziky | I23: =AVERAGE(D8:D17) -> 75.9 | J23: =IF(I23="","",IF(NOT(_xlfn.ISFORMULA(I23)),"✗",IF(NOT(AND(OR(ISNUMBER(SEARCH("AVERAGE(",_xlfn.FORMULATEXT(I23))),ISNUMBER(SEARCH("PRŮMĚR(",_xlfn.FORMULATEXT(I23)))))),"✗",IF(ABS(I23-Klíč!A33)<=0.05,"✓","✗")))) -> ✓
B24: 5) | C24: Průměrný výsledek Adama přes všechny 4 předměty | I24: =AVERAGE(C8:F8) -> 76 | J24: =IF(I24="","",IF(NOT(_xlfn.ISFORMULA(I24)),"✗",IF(NOT(AND(OR(ISNUMBER(SEARCH("AVERAGE(",_xlfn.FORMULATEXT(I24))),ISNUMBER(SEARCH("PRŮMĚR(",_xlfn.FORMULATEXT(I24)))))),"✗",IF(ABS(I24-Klíč!A34)<=0.05,"✓","✗")))) -> ✓
B25: 6) | C25: Rozdíl mezi nejlepším a nejhorším výsledkem z matematiky | I25: =MAX(C8:C17)-MIN(C8:C17) -> 41 | J25: =IF(I25="","",IF(NOT(_xlfn.ISFORMULA(I25)),"✗",IF(NOT(AND(OR(ISNUMBER(SEARCH("MAX(",_xlfn.FORMULATEXT(I25)))),OR(ISNUMBER(SEARCH("MIN(",_xlfn.FORMULATEXT(I25)))))),"✗",IF(ABS(I25-Klíč!A35)<=0.01,"✓","✗")))) -> ✓
B26: 7) | C26: Průměr z češtiny a angličtiny dohromady (20 hodnot) | I26: =AVERAGE(E8:F17) -> 83.45 | J26: =IF(I26="","",IF(NOT(_xlfn.ISFORMULA(I26)),"✗",IF(NOT(AND(OR(ISNUMBER(SEARCH("AVERAGE(",_xlfn.FORMULATEXT(I26))),ISNUMBER(SEARCH("PRŮMĚR(",_xlfn.FORMULATEXT(I26)))))),"✗",IF(ABS(I26-Klíč!A36)<=0.05,"✓","✗")))) -> ✓
B27: 8) | C27: Kolik bodů získala třída celkem z fyziky? | I27: =SUM(D8:D17) -> 759 | J27: =IF(I27="","",IF(NOT(_xlfn.ISFORMULA(I27)),"✗",IF(NOT(AND(OR(ISNUMBER(SEARCH("SUM(",_xlfn.FORMULATEXT(I27))),ISNUMBER(SEARCH("SUMA(",_xlfn.FORMULATEXT(I27)))))),"✗",IF(ABS(I27-Klíč!A37)<=0.01,"✓","✗")))) -> ✓
B29: Skóre tohoto úkolu: | E29: =AB1 & " / " & AB2 & " bodů" -> 8 / 8 bodů

Sheet Úkol 3
AB1: =COUNTIF(K8:K13,"✓") -> 6
B2: Úkol 3 – POČET, POČET2, POČET.PRÁZDNÝCH | AB2: 6
B4: 📝 ZADÁNÍ:
B5: Sklad e-shopu má 10 položek. Některé buňky jsou prázdné – produkt chybí nebo data nejsou k dispozici.
B6: 💡 POČET počítá jen čísla. POČET2 počítá vše co není prázdné (i text). COUNTBLANK počítá prázdné buňky.
B7: Kód | C7: Název | D7: Cena (Kč) | E7: Sklad (ks) | F7: Hodnocení | G7: Hmotnost (kg) | I7: Otázka – co přesně spočítat a jakou funkcí? | J7: Tvůj výsledek | K7: ✓/✗
B8: E001 | C8: USB kabel | D8: 299 | E8: 15 | F8: 4.2 | G8: 0.3 | I8: Kolik produktů má vyplněnou CENU? → použij POČET | J8: =COUNT(D8:D17) -> 7 | K8: =IF(J8="","",IF(NOT(_xlfn.ISFORMULA(J8)),"✗",IF(NOT(AND(OR(ISNUMBER(SEARCH("COUNT(",_xlfn.FORMULATEXT(J8))),ISNUMBER(SEARCH("POČET(",_xlfn.FORMULATEXT(J8)))))),"✗",IF(ABS(J8-Klíč!A50)<=0.01,"✓","✗")))) -> ✓
B9: E002 | C9: Notebook | D9: 1490 | E9: 0 | G9: 1.2 | I9: Kolik řádků tabulka celkem má? → použij POČET2 na sloupec Kód | J9: =COUNTA(B8:B17) -> 10 | K9: =IF(J9="","",IF(NOT(_xlfn.ISFORMULA(J9)),"✗",IF(NOT(AND(OR(ISNUMBER(SEARCH("COUNTA(",_xlfn.FORMULATEXT(J9))),ISNUMBER(SEARCH("POČET2(",_xlfn.FORMULATEXT(J9)))))),"✗",IF(ABS(J9-Klíč!A51)<=0.01,"✓","✗")))) -> ✓
B10: E003 | E10: 8 | F10: 3.8 | I10: Kolik produktů NEMÁ hodnocení? → použij POČET.PRÁZDNÝCH | J10: =COUNTBLANK(F8:F17) -> 3 | K10: =IF(J10="","",IF(NOT(_xlfn.ISFORMULA(J10)),"✗",IF(NOT(AND(OR(ISNUMBER(SEARCH("COUNTBLANK(",_xlfn.FORMULATEXT(J10))),ISNUMBER(SEARCH("POČET.PRÁZDNÝCH(",_xlfn.FORMULATEXT(J10)))))),"✗",IF(ABS(J10-Klíč!A52)<=0.01,"✓","✗")))) -> ✓
B11: E004 | C11: Myš | D11: 89 | F11: 4.7 | G11: 0.1 | I11: Kolik produktů má evidovaný stav skladu? (i 0 se počítá!) → POČET | J11: =COUNT(E8:E17) -> 8 | K11: =IF(J11="","",IF(NOT(_xlfn.ISFORMULA(J11)),"✗",IF(NOT(AND(OR(ISNUMBER(SEARCH("COUNT(",_xlfn.FORMULATEXT(J11))),ISNUMBER(SEARCH("POČET(",_xlfn.FORMULATEXT(J11)))))),"✗",IF(ABS(J11-Klíč!A53)<=0.01,"✓","✗")))) -> ✓
B12: E005 | C12: Reproduktor | D12: 750 | E12: 3 | G12: 2.8 | I12: Kolik políček s hmotností je prázdných? → POČET.PRÁZDNÝCH | J12: =COUNTBLANK(G8:G17) -> 2 | K12: =IF(J12="","",IF(NOT(_xlfn.ISFORMULA(J12)),"✗",IF(NOT(AND(OR(ISNUMBER(SEARCH("COUNTBLANK(",_xlfn.FORMULATEXT(J12))),ISNUMBER(SEARCH("POČET.PRÁZDNÝCH(",_xlfn.FORMULATEXT(J12)))))),"✗",IF(ABS(J12-Klíč!A54)<=0.01,"✓","✗")))) -> ✓
B13: E006 | C13: Monitor | D13: 2399 | E13: 0 | F13: 4.1 | G13: 3.5 | I13: Kolik produktů má vyplněný název? → POČET2 | J13: =COUNTA(C8:C17) -> 7 | K13: =IF(J13="","",IF(NOT(_xlfn.ISFORMULA(J13)),"✗",IF(NOT(AND(OR(ISNUMBER(SEARCH("COUNTA(",_xlfn.FORMULATEXT(J13))),ISNUMBER(SEARCH("POČET2(",_xlfn.FORMULATEXT(J13)))))),"✗",IF(ABS(J13-Klíč!A55)<=0.01,"✓","✗")))) -> ✓
B14: E007 | E14: 22 | F14: 3.5
B15: E008 | C15: Klávesnice | D15: 145 | F15: 4.9 | G15: 0.4
B16: E009 | C16: Webkamera | D16: 890 | E16: 11 | G16: 1.1
B17: E010 | E17: 5 | F17: 4.4 | G17: 0.9
B19: Skóre tohoto úkolu: | E19: =AB1 & " / " & AB2 & " bodů" -> 6 / 6 bodů

Sheet Úkol 4
AB1: =COUNTIF(F9:F18,"✓") -> 10
B2: Úkol 4 – ZAOKROUHLIT | AB2: 10
B4: 📝 ZADÁNÍ:
B5: Zaokrouhli zadaná čísla přesně podle pokynů. Syntax: =ZAOKROUHLIT(číslo; počet_des_míst)
B6: 💡 Záporný argument zaokrouhluje na desítky (–1), stovky (–2), tisíce (–3) atd.
B8: Č. | C8: Číslo | D8: Pokyn | E8: Tvůj výsledek
B9: a) | C9: 4.545 | D9: na 1 desetinné místo | E9: =ROUND(C9,1) -> 4.5 | F9: =IF(E9="","",IF(NOT(_xlfn.ISFORMULA(E9)),"✗",IF(NOT(AND(OR(ISNUMBER(SEARCH("ROUND(",SUBSTITUTE(_xlfn.FORMULATEXT(E9)," ",""))),ISNUMBER(SEARCH("ZAOKROUHLIT(",SUBSTITUTE(_xlfn.FORMULATEXT(E9)," ","")))),ISNUMBER(SEARCH("C9",SUBSTITUTE(_xlfn.FORMULATEXT(E9)," ",""))),OR(ISNUMBER(SEARCH(",1)",SUBSTITUTE(_xlfn.FORMULATEXT(E9)," ",""))),ISNUMBER(SEARCH(";1)",SUBSTITUTE(_xlfn.FORMULATEXT(E9)," ","")))))),"✗",IF(ABS(E9-Klíč!A70)<=0.001,"✓","✗")))) -> ✓
B10: b) | C10: 99.95 | D10: na 1 desetinné místo | E10: =ROUND(C10,1) -> 100 | F10: =IF(E10="","",IF(NOT(_xlfn.ISFORMULA(E10)),"✗",IF(NOT(AND(OR(ISNUMBER(SEARCH("ROUND(",SUBSTITUTE(_xlfn.FORMULATEXT(E10)," ",""))),ISNUMBER(SEARCH("ZAOKROUHLIT(",SUBSTITUTE(_xlfn.FORMULATEXT(E10)," ","")))),ISNUMBER(SEARCH("C10",SUBSTITUTE(_xlfn.FORMULATEXT(E10)," ",""))),OR(ISNUMBER(SEARCH(",1)",SUBSTITUTE(_xlfn.FORMULATEXT(E10)," ",""))),ISNUMBER(SEARCH(";1)",SUBSTITUTE(_xlfn.FORMULATEXT(E10)," ","")))))),"✗",IF(ABS(E10-Klíč!A71)<=0.001,"✓","✗")))) -> ✓
B11: c) | C11: 0.00499 | D11: na 2 desetinná místa | E11: =ROUND(C11,2) -> 0 | F11: =IF(E11="","",IF(NOT(_xlfn.ISFORMULA(E11)),"✗",IF(NOT(AND(OR(ISNUMBER(SEARCH("ROUND(",SUBSTITUTE(_xlfn.FORMULATEXT(E11)," ",""))),ISNUMBER(SEARCH("ZAOKROUHLIT(",SUBSTITUTE(_xlfn.FORMULATEXT(E11)," ","")))),ISNUMBER(SEARCH("C11",SUBSTITUTE(_xlfn.FORMULATEXT(E11)," ",""))),OR(ISNUMBER(SEARCH(",2)",SUBSTITUTE(_xlfn.FORMULATEXT(E11)," ",""))),ISNUMBER(SEARCH(";2)",SUBSTITUTE(_xlfn.FORMULATEXT(E11)," ","")))))),"✗",IF(ABS(E11-Klíč!A72)<=0.001,"✓","✗")))) -> ✓
B12: d) | C12: 2375 | D12: na stovky | E12: =ROUND(C12,-2) -> 2400 | F12: =IF(E12="","",IF(NOT(_xlfn.ISFORMULA(E12)),"✗",IF(NOT(AND(OR(ISNUMBER(SEARCH("ROUND(",SUBSTITUTE(_xlfn.FORMULATEXT(E12)," ",""))),ISNUMBER(SEARCH("ZAOKROUHLIT(",SUBSTITUTE(_xlfn.FORMULATEXT(E12)," ","")))),ISNUMBER(SEARCH("C12",SUBSTITUTE(_xlfn.FORMULATEXT(E12)," ",""))),OR(ISNUMBER(SEARCH(",-2)",SUBSTITUTE(_xlfn.FORMULATEXT(E12)," ",""))),ISNUMBER(SEARCH(";-2)",SUBSTITUTE(_xlfn.FORMULATEXT(E12)," ","")))))),"✗",IF(ABS(E12-Klíč!A73)<=0.001,"✓","✗")))) -> ✓
B13: e) | C13: 49.995 | D13: na 2 desetinná místa | E13: =ROUND(C13,2) -> 50 | F13: =IF(E13="","",IF(NOT(_xlfn.ISFORMULA(E13)),"✗",IF(NOT(AND(OR(ISNUMBER(SEARCH("ROUND(",SUBSTITUTE(_xlfn.FORMULATEXT(E13)," ",""))),ISNUMBER(SEARCH("ZAOKROUHLIT(",SUBSTITUTE(_xlfn.FORMULATEXT(E13)," ","")))),ISNUMBER(SEARCH("C13",SUBSTITUTE(_xlfn.FORMULATEXT(E13)," ",""))),OR(ISNUMBER(SEARCH(",2)",SUBSTITUTE(_xlfn.FORMULATEXT(E13)," ",""))),ISNUMBER(SEARCH(";2)",SUBSTITUTE(_xlfn.FORMULATEXT(E13)," ","")))))),"✗",IF(ABS(E13-Klíč!A74)<=0.001,"✓","✗")))) -> ✓
B14: f) | C14: =0.1+0.2 -> 0.3 | D14: na 1 des. místo Všimni si že je to ze vzorce | E14: =ROUND(C14,1) -> 0.3 | F14: =IF(E14="","",IF(NOT(_xlfn.ISFORMULA(E14)),"✗",IF(NOT(AND(OR(ISNUMBER(SEARCH("ROUND(",SUBSTITUTE(_xlfn.FORMULATEXT(E14)," ",""))),ISNUMBER(SEARCH("ZAOKROUHLIT(",SUBSTITUTE(_xlfn.FORMULATEXT(E14)," ","")))),ISNUMBER(SEARCH("C14",SUBSTITUTE(_xlfn.FORMULATEXT(E14)," ",""))),OR(ISNUMBER(SEARCH(",1)",SUBSTITUTE(_xlfn.FORMULATEXT(E14)," ",""))),ISNUMBER(SEARCH(";1)",SUBSTITUTE(_xlfn.FORMULATEXT(E14)," ","")))))),"✗",IF(ABS(E14-Klíč!A75)<=0.001,"✓","✗")))) -> ✓
B15: g) | C15: 1234.5678 | D15: na 3 desetinná místa | E15: =ROUND(C15,3) -> 1234.568 | F15: =IF(E15="","",IF(NOT(_xlfn.ISFORMULA(E15)),"✗",IF(NOT(AND(OR(ISNUMBER(SEARCH("ROUND(",SUBSTITUTE(_xlfn.FORMULATEXT(E15)," ",""))),ISNUMBER(SEARCH("ZAOKROUHLIT(",SUBSTITUTE(_xlfn.FORMULATEXT(E15)," ","")))),ISNUMBER(SEARCH("C15",SUBSTITUTE(_xlfn.FORMULATEXT(E15)," ",""))),OR(ISNUMBER(SEARCH(",3)",SUBSTITUTE(_xlfn.FORMULATEXT(E15)," ",""))),ISNUMBER(SEARCH(";3)",SUBSTITUTE(_xlfn.FORMULATEXT(E15)," ","")))))),"✗",IF(ABS(E15-Klíč!A76)<=0.001,"✓","✗")))) -> ✓
B16: h) | C16: 9999.5 | D16: na celé číslo | E16: =ROUND(C16,0) -> 10000 | F16: =IF(E16="","",IF(NOT(_xlfn.ISFORMULA(E16)),"✗",IF(NOT(AND(OR(ISNUMBER(SEARCH("ROUND(",SUBSTITUTE(_xlfn.FORMULATEXT(E16)," ",""))),ISNUMBER(SEARCH("ZAOKROUHLIT(",SUBSTITUTE(_xlfn.FORMULATEXT(E16)," ","")))),ISNUMBER(SEARCH("C16",SUBSTITUTE(_xlfn.FORMULATEXT(E16)," ",""))),OR(ISNUMBER(SEARCH(",0)",SUBSTITUTE(_xlfn.FORMULATEXT(E16)," ",""))),ISNUMBER(SEARCH(";0)",SUBSTITUTE(_xlfn.FORMULATEXT(E16)," ","")))))),"✗",IF(ABS(E16-Klíč!A77)<=0.001,"✓","✗")))) -> ✓
B17: i) | C17: 0.0045 | D17: na 3 desetinná místa | E17: =ROUND(C17,3) -> 0.005 | F17: =IF(E17="","",IF(NOT(_xlfn.ISFORMULA(E17)),"✗",IF(NOT(AND(OR(ISNUMBER(SEARCH("ROUND(",SUBSTITUTE(_xlfn.FORMULATEXT(E17)," ",""))),ISNUMBER(SEARCH("ZAOKROUHLIT(",SUBSTITUTE(_xlfn.FORMULATEXT(E17)," ","")))),ISNUMBER(SEARCH("C17",SUBSTITUTE(_xlfn.FORMULATEXT(E17)," ",""))),OR(ISNUMBER(SEARCH(",3)",SUBSTITUTE(_xlfn.FORMULATEXT(E17)," ",""))),ISNUMBER(SEARCH(";3)",SUBSTITUTE(_xlfn.FORMULATEXT(E17)," ","")))))),"✗",IF(ABS(E17-Klíč!A78)<=0.001,"✓","✗")))) -> ✓
B18: j) | C18: 876543 | D18: na tisíce | E18: =ROUND(C18,-3) -> 877000 | F18: =IF(E18="","",IF(NOT(_xlfn.ISFORMULA(E18)),"✗",IF(NOT(AND(OR(ISNUMBER(SEARCH("ROUND(",SUBSTITUTE(_xlfn.FORMULATEXT(E18)," ",""))),ISNUMBER(SEARCH("ZAOKROUHLIT(",SUBSTITUTE(_xlfn.FORMULATEXT(E18)," ","")))),ISNUMBER(SEARCH("C18",SUBSTITUTE(_xlfn.FORMULATEXT(E18)," ",""))),OR(ISNUMBER(SEARCH(",-3)",SUBSTITUTE(_xlfn.FORMULATEXT(E18)," ",""))),ISNUMBER(SEARCH(";-3)",SUBSTITUTE(_xlfn.FORMULATEXT(E18)," ","")))))),"✗",IF(ABS(E18-Klíč!A79)<=0.001,"✓","✗")))) -> ✓
B20: Skóre tohoto úkolu: | E20: =AB1 & " / " & AB2 & " bodů" -> 10 / 10 bodů

Sheet Úkol 5
AB1: =COUNTIF(I19:I24,"✓") -> 6
B2: Úkol 5 – Kombinace funkcí | AB2: 6
B4: 📝 ZADÁNÍ:
B5: Cestovní kancelář nabízí 8 destinací. Použij kombinace funkcí – funkci uvnitř funkce.
B6: Příklad: =ZAOKROUHLIT(PRŮMĚR(C8:C15);0)
B7: Destinace | C7: Cena (Kč) | D7: Počet nocí | E7: Hodnocení
B8: Řecko | C8: 12500 | D8: 7 | E8: 4.3
B9: Španělsko | C9: 15800 | D9: 10 | E9: 4.7
B10: Itálie | C10: 18900 | D10: 14 | E10: 4.5
B11: Chorvatsko | C11: 9800 | D11: 7 | E11: 4.1
B12: Egypt | C12: 14200 | D12: 10 | E12: 4.4
B13: Turecko | C13: 11300 | D13: 7 | E13: 4.2
B14: Tunisko | C14: 10600 | D14: 10 | E14: 3.9
B15: Kypr | C15: 16700 | D15: 14 | E15: 4.6
B17: Vypočítej:
G18: Co spočítat? (kombinuj funkce) | H18: Tvůj výsledek | I18: ✓/✗
G19: Průměrná cena zájezdu zaokrouhlená na celé stovky Kč | H19: =ROUND(AVERAGE(C8:C15),-2) -> 13700 | I19: =IF(H19="","",IF(NOT(_xlfn.ISFORMULA(H19)),"✗",IF(NOT(AND(OR(ISNUMBER(SEARCH("ROUND(",_xlfn.FORMULATEXT(H19))),ISNUMBER(SEARCH("ZAOKROUHLIT(",_xlfn.FORMULATEXT(H19)))),OR(ISNUMBER(SEARCH("AVERAGE(",_xlfn.FORMULATEXT(H19))),ISNUMBER(SEARCH("PRŮMĚR(",_xlfn.FORMULATEXT(H19)))))),"✗",IF(ABS(H19-Klíč!A90)<=0.01,"✓","✗")))) -> ✓
G20: Rozdíl ceny nejdražšího a nejlevnějšího zájezdu | H20: =-MIN(C8:C15)+MAX(C8:C15) -> 9100 | I20: =IF(H20="","",IF(NOT(_xlfn.ISFORMULA(H20)),"✗",IF(NOT(AND(OR(ISNUMBER(SEARCH("MAX(",_xlfn.FORMULATEXT(H20)))),OR(ISNUMBER(SEARCH("MIN(",_xlfn.FORMULATEXT(H20)))))),"✗",IF(ABS(H20-Klíč!A91)<=0.01,"✓","✗")))) -> ✓
G21: Průměrný počet nocí zaokrouhlený na celé číslo | H21: =ROUND(AVERAGE(D8:D15),0) -> 10 | I21: =IF(H21="","",IF(NOT(_xlfn.ISFORMULA(H21)),"✗",IF(NOT(AND(OR(ISNUMBER(SEARCH("ROUND(",_xlfn.FORMULATEXT(H21))),ISNUMBER(SEARCH("ZAOKROUHLIT(",_xlfn.FORMULATEXT(H21)))),OR(ISNUMBER(SEARCH("AVERAGE(",_xlfn.FORMULATEXT(H21))),ISNUMBER(SEARCH("PRŮMĚR(",_xlfn.FORMULATEXT(H21)))))),"✗",IF(ABS(H21-Klíč!A92)<=0.01,"✓","✗")))) -> ✓
G22: O kolik bodů je nejlepší hodnocení nad průměrem? (zaokr. na 2 des. místa) | H22: =ROUND(MAX(E8:E15)-AVERAGE(E8:E15),2) -> 0.36 | I22: =IF(H22="","",IF(NOT(_xlfn.ISFORMULA(H22)),"✗",IF(NOT(AND(OR(ISNUMBER(SEARCH("ROUND(",_xlfn.FORMULATEXT(H22))),ISNUMBER(SEARCH("ZAOKROUHLIT(",_xlfn.FORMULATEXT(H22)))),OR(ISNUMBER(SEARCH("MAX(",_xlfn.FORMULATEXT(H22)))),OR(ISNUMBER(SEARCH("AVERAGE(",_xlfn.FORMULATEXT(H22))),ISNUMBER(SEARCH("PRŮMĚR(",_xlfn.FORMULATEXT(H22)))))),"✗",IF(ABS(H22-Klíč!A93)<=0.01,"✓","✗")))) -> ✓
G23: Cena nejlevnějšího zájezdu × průměrné hodnocení (zaokr. na celé Kč) | H23: =ROUND(MIN(C8:C15)*AVERAGE(E8:E15),0) -> 42508 | I23: =IF(H23="","",IF(NOT(_xlfn.ISFORMULA(H23)),"✗",IF(NOT(AND(OR(ISNUMBER(SEARCH("ROUND(",_xlfn.FORMULATEXT(H23))),ISNUMBER(SEARCH("ZAOKROUHLIT(",_xlfn.FORMULATEXT(H23)))),ISNUMBER(SEARCH("MIN(",_xlfn.FORMULATEXT(H23))),OR(ISNUMBER(SEARCH("AVERAGE(",_xlfn.FORMULATEXT(H23))),ISNUMBER(SEARCH("PRŮMĚR(",_xlfn.FORMULATEXT(H23)))),OR(ISNUMBER(SEARCH(",0)",SUBSTITUTE(_xlfn.FORMULATEXT(H23)," ",""))),ISNUMBER(SEARCH(";0)",SUBSTITUTE(_xlfn.FORMULATEXT(H23)," ","")))))),"✗",IF(ABS(H23-Klíč!A94)<=0.01,"✓","✗")))) -> ✓
G24: Průměr z ceny nejdražšího a nejlevnějšího zájezdu (zaokr. na celé Kč) | H24: =ROUND(AVERAGE(MAX(C8:C15),MIN(C8:C15)),0) -> 14350 | I24: =IF(H24="","",IF(NOT(_xlfn.ISFORMULA(H24)),"✗",IF(NOT(AND(OR(ISNUMBER(SEARCH("ROUND(",_xlfn.FORMULATEXT(H24))),ISNUMBER(SEARCH("ZAOKROUHLIT(",_xlfn.FORMULATEXT(H24)))),ISNUMBER(SEARCH("MAX(",_xlfn.FORMULATEXT(H24))),ISNUMBER(SEARCH("MIN(",_xlfn.FORMULATEXT(H24))),OR(ISNUMBER(SEARCH(",0)",SUBSTITUTE(_xlfn.FORMULATEXT(H24)," ",""))),ISNUMBER(SEARCH(";0)",SUBSTITUTE(_xlfn.FORMULATEXT(H24)," ","")))))),"✗",IF(ABS(H24-Klíč!A95)<=0.01,"✓","✗")))) -> ✓
B26: Skóre tohoto úkolu: | F26: =AB1 & " / " & AB2 & " bodů" -> 6 / 6 bodů

Sheet Úkol 6
AB1: =COUNTIF(K8:K17,"✓") -> 10
B2: Úkol 6 – Komplexní úloha: Tržby školního bufetu | AB2: 10
B4: 📝 ZADÁNÍ:
B5: Školní bufet eviduje tržby za celý školní rok (10 měsíců) ve 5 kategoriích.
B6: Kombinuj SUMA, PRŮMĚR, MIN, MAX a ZAOKROUHLIT.
B7: Měsíc | C7: Obědy | D7: Svačiny | E7: Nápoje | F7: Sladkosti | G7: Studené jídlo | I7: Co spočítat? | J7: Tvůj výsledek | K7: ✓/✗
B8: Září | C8: 45200 | D8: 18300 | E8: 12400 | F8: 8900 | G8: 5600 | I8: Celkové tržby bufetu za celý školní rok (vše dohromady) | J8: =SUM(C8:G17) -> 932100 | K8: =IF(J8="","",IF(NOT(_xlfn.ISFORMULA(J8)),"✗",IF(NOT(AND(OR(ISNUMBER(SEARCH("SUM(",_xlfn.FORMULATEXT(J8))),ISNUMBER(SEARCH("SUMA(",_xlfn.FORMULATEXT(J8)))))),"✗",IF(ABS(J8-Klíč!A110)<=1,"✓","✗")))) -> ✓
B9: Říjen | C9: 47800 | D9: 19200 | E9: 13100 | F9: 9400 | G9: 6200 | I9: Průměrné měsíční tržby zaokrouhlené na celé Kč | J9: =ROUND(AVERAGE(SUM(C11:G11),SUM(C13:G13),SUM(C15:G15),SUM(C12:G12),SUM(C14:G14),SUM(C9:G9),SUM(C8:G8),SUM(C16:G16),SUM(C10:G10),SUM(C17:G17)),0) -> 93210 | K9: =IF(J9="","",IF(NOT(_xlfn.ISFORMULA(J9)),"✗",IF(NOT(AND(OR(ISNUMBER(SEARCH("ROUND(",_xlfn.FORMULATEXT(J9))),ISNUMBER(SEARCH("ZAOKROUHLIT(",_xlfn.FORMULATEXT(J9)))),OR(ISNUMBER(SEARCH(",0)",SUBSTITUTE(_xlfn.FORMULATEXT(J9)," ",""))),ISNUMBER(SEARCH(";0)",SUBSTITUTE(_xlfn.FORMULATEXT(J9)," ","")))),OR(ISNUMBER(SEARCH("AVERAGE(",_xlfn.FORMULATEXT(J9))),ISNUMBER(SEARCH("PRŮMĚR(",_xlfn.FORMULATEXT(J9)))))),"✗",IF(ABS(J9-Klíč!A111)<=0.01,"✓","✗")))) -> ✓
B10: Listopad | C10: 46500 | D10: 18700 | E10: 12800 | F10: 9100 | G10: 5900 | I10: Tržby v nejlepším (nejvýdělečnějším) měsíci | J10: =MAX(SUM(C11:G11),SUM(C13:G13),SUM(C15:G15),SUM(C12:G12),SUM(C14:G14),SUM(C9:G9),SUM(C8:G8),SUM(C16:G16),SUM(C10:G10),SUM(C17:G17)) -> 112000 | K10: =IF(J10="","",IF(NOT(_xlfn.ISFORMULA(J10)),"✗",IF(NOT(AND(OR(ISNUMBER(SEARCH("MAX(",_xlfn.FORMULATEXT(J10)))))),"✗",IF(ABS(J10-Klíč!A112)<=1,"✓","✗")))) -> ✓
B11: Prosinec | C11: 38900 | D11: 15600 | E11: 10200 | F11: 7600 | G11: 4800 | I11: Tržby v nejhorším (nejslabším) měsíci | J11: =MIN(SUM(C11:G11),SUM(C13:G13),SUM(C15:G15),SUM(C12:G12),SUM(C14:G14),SUM(C9:G9),SUM(C8:G8),SUM(C16:G16),SUM(C10:G10),SUM(C17:G17)) -> 77100 | K11: =IF(J11="","",IF(NOT(_xlfn.ISFORMULA(J11)),"✗",IF(NOT(AND(OR(ISNUMBER(SEARCH("MIN(",_xlfn.FORMULATEXT(J11)))))),"✗",IF(ABS(J11-Klíč!A113)<=1,"✓","✗")))) -> ✓
B12: Leden | C12: 44100 | D12: 17800 | E12: 11900 | F12: 8400 | G12: 5300 | I12: Celkové tržby za obědy za celý rok | J12: =SUM(C8:C17) -> 460700 | K12: =IF(J12="","",IF(NOT(_xlfn.ISFORMULA(J12)),"✗",IF(NOT(AND(OR(ISNUMBER(SEARCH("SUM(",_xlfn.FORMULATEXT(J12))),ISNUMBER(SEARCH("SUMA(",_xlfn.FORMULATEXT(J12)))))),"✗",IF(ABS(J12-Klíč!A114)<=1,"✓","✗")))) -> ✓
B13: Únor | C13: 43600 | D13: 17200 | E13: 11500 | F13: 8200 | G13: 5100 | I13: Průměrné tržby za nápoje zaokrouhlené na stovky Kč | J13: =ROUND(AVERAGE(E8:E17),-2) -> 12900 | K13: =IF(J13="","",IF(NOT(_xlfn.ISFORMULA(J13)),"✗",IF(NOT(AND(OR(ISNUMBER(SEARCH("ROUND(",_xlfn.FORMULATEXT(J13))),ISNUMBER(SEARCH("ZAOKROUHLIT(",_xlfn.FORMULATEXT(J13)))),OR(ISNUMBER(SEARCH(",-2)",SUBSTITUTE(_xlfn.FORMULATEXT(J13)," ",""))),ISNUMBER(SEARCH(";-2)",SUBSTITUTE(_xlfn.FORMULATEXT(J13)," ","")))),OR(ISNUMBER(SEARCH("AVERAGE(",_xlfn.FORMULATEXT(J13))),ISNUMBER(SEARCH("PRŮMĚR(",_xlfn.FORMULATEXT(J13)))))),"✗",IF(ABS(J13-Klíč!A115)<=0.01,"✓","✗")))) -> ✓
B14: Březen | C14: 47200 | D14: 19100 | E14: 12700 | F14: 9300 | G14: 6100 | I14: Rozdíl mezi nejlepším a nejhorším měsícem | J14: =MAX(SUM(C11:G11),SUM(C13:G13),SUM(C15:G15),SUM(C12:G12),SUM(C14:G14),SUM(C9:G9),SUM(C8:G8),SUM(C16:G16),SUM(C10:G10),SUM(C17:G17))-MIN(SUM(C11:G11),SUM(C13:G13),SUM(C15:G15),SUM(C12:G12),SUM(C14:G14),SUM(C9:G9),SUM(C8:G8),SUM(C16:G16),SUM(C10:G10),SUM(C17:G17)) -> 34900 | K14: =IF(J14="","",IF(NOT(_xlfn.ISFORMULA(J14)),"✗",IF(NOT(AND(OR(ISNUMBER(SEARCH("MAX(",_xlfn.FORMULATEXT(J14)))),OR(ISNUMBER(SEARCH("MIN(",_xlfn.FORMULATEXT(J14)))))),"✗",IF(ABS(J14-Klíč!A116)<=1,"✓","✗")))) -> ✓
B15: Duben | C15: 46800 | D15: 18900 | E15: 13400 | F15: 9700 | G15: 6800 | I15: Průměrné tržby za sladkosti zaokrouhlené na desítky Kč | J15: =ROUND(AVERAGE(F8:F17),-1) -> 9190 | K15: =IF(J15="","",IF(NOT(_xlfn.ISFORMULA(J15)),"✗",IF(NOT(AND(OR(ISNUMBER(SEARCH("ROUND(",_xlfn.FORMULATEXT(J15))),ISNUMBER(SEARCH("ZAOKROUHLIT(",_xlfn.FORMULATEXT(J15)))),OR(ISNUMBER(SEARCH(",-1)",SUBSTITUTE(_xlfn.FORMULATEXT(J15)," ",""))),ISNUMBER(SEARCH(";-1)",SUBSTITUTE(_xlfn.FORMULATEXT(J15)," ","")))),OR(ISNUMBER(SEARCH("AVERAGE(",_xlfn.FORMULATEXT(J15))),ISNUMBER(SEARCH("PRŮMĚR(",_xlfn.FORMULATEXT(J15)))))),"✗",IF(ABS(J15-Klíč!A117)<=0.01,"✓","✗")))) -> ✓
B16: Květen | C16: 48500 | D16: 20200 | E16: 14600 | F16: 10100 | G16: 7400 | I16: Celkové tržby za svačiny a sladkosti dohromady | J16: =SUM(D8:D17,F8:F17) -> 279300 | K16: =IF(J16="","",IF(NOT(_xlfn.ISFORMULA(J16)),"✗",IF(NOT(AND(OR(ISNUMBER(SEARCH("SUM(",_xlfn.FORMULATEXT(J16))),ISNUMBER(SEARCH("SUMA(",_xlfn.FORMULATEXT(J16)))))),"✗",IF(ABS(J16-Klíč!A118)<=1,"✓","✗")))) -> ✓
B17: Červen | C17: 52100 | D17: 22400 | E17: 16800 | F17: 11200 | G17: 9500 | I17: Jaké % tvoří obědy z celkových tržeb? (zaokr. na 1 des. místo) | J17: =ROUND(SUM(C8:C17)/(SUM(C8:G17)/100),1) -> 49.4 | K17: =IF(J17="","",IF(NOT(_xlfn.ISFORMULA(J17)),"✗",IF(NOT(AND(OR(ISNUMBER(SEARCH("ROUND(",_xlfn.FORMULATEXT(J17))),ISNUMBER(SEARCH("ZAOKROUHLIT(",_xlfn.FORMULATEXT(J17)))),OR(ISNUMBER(SEARCH(",1)",SUBSTITUTE(_xlfn.FORMULATEXT(J17)," ",""))),ISNUMBER(SEARCH(";1)",SUBSTITUTE(_xlfn.FORMULATEXT(J17)," ","")))),OR(ISNUMBER(SEARCH("SUM(",_xlfn.FORMULATEXT(J17))),ISNUMBER(SEARCH("SUMA(",_xlfn.FORMULATEXT(J17)))))),"✗",IF(ABS(J17-Klíč!A119)<=0.01,"✓","✗")))) -> ✓
B19: 🤔 Otázka k zamyšlení: Ve kterém měsíci byly tržby nejvyšší a proč? Napiš odpověď níže:
B22: Skóre tohoto úkolu: | E22: =AB1 & " / " & AB2 & " bodů" -> 10 / 10 bodů
