Workbook

Sheet Pokyny
B2: Hromadné zpracování dat – Cvičení (1. hodina)
B3: Pracovní sešit pro 2 vyučovací hodiny – sekunda
B5: Jméno:
B6: Třída:
B8: Pokyny:
B10: 1. | C10: Postupuj listy podle pořadí - od Úkolu 1 až po Úkol 6.
B11: 2. | C11: Žluté buňky jsou na vyplnění - sem patří vzorec, číslo nebo text.
B12: 3. | C12: Každý vzorec začíná znaménkem = (rovná se).
B13: 4. | C13: Vedle žlutého políčka se hned objeví ✓ (správně) nebo ✗ (špatně).
B14: 5. | C14: Na konci každého listu vidíš své skóre. Snaž se získat plný počet bodů!
B15: 6. | C15: Když si nevíš rady, zeptej se učitele nebo se vrať k ukázkovému souboru.
B17: Přehled úkolů:
B19: Úkol 1 | C19: Adresy buněk | D19: Najdi hodnoty v tabulce a urči adresy buněk
B20: Úkol 2 | C20: Vzorce s operátory | D20: Vypočítej příklady pomocí vzorců
B21: Úkol 3 | C21: Vzorce s odkazy | D21: Sestav vzorce s adresami buněk
B22: Úkol 4 | C22: Funkce SUMA | D22: Použij funkci SUMA na různá data
B23: Úkol 5 | C23: Statistické funkce | D23: PRŮMĚR, MAX, MIN, POČET v praxi
B24: Úkol 6 | C24: Komplexní úloha | D24: Kombinace všech znalostí - sportovní klub
B27: Tvoje celkové skóre: | E27: =SUM('Úkol 1'!AB1,'Úkol 2'!AB1,'Úkol 3'!AB1,'Úkol 4'!AB1,'Úkol 5'!AB1,'Úkol 6'!AB1) & " / " & SUM('Úkol 1'!AB2,'Úkol 2'!AB2,'Úkol 3'!AB2,'Úkol 4'!AB2,'Úkol 5'!AB2,'Úkol 6'!AB2) -> 17 / 56

Sheet Klíč
A1: ÚKOL 1 - Adresy buněk
A2: 25
A3: 20
A4: Dana
A5: 21
A6: Filip
A7: 18
A8: C14
A9: F11
A10: 13
A11: B
A20: 432
A21: 563
A22: 391
A23: 64
A24: 800
A25: 1024
A26: 20
A27: 455
A28: 169
A29: 525600
A30: 300
A31: 406
... A107: 8

Sheet Úkol 1
AB1: =COUNTIF(H17:H26,"✓") -> 2
B2: Úkol 1 – Adresy buněk | AB2: 10
B4: 📝 ZADÁNÍ:
B5: Tabulka níže ukazuje výsledky žáků z testů a jejich průměr.
B6: Najdi odpovědi na otázky pod tabulkou. Žluté buňky vyplň.
B8: Žák | C8: Test 1 | D8: Test 2 | E8: Test 3 | F8: Průměr
B9: Adam | C9: 18 | D9: 18 | E9: 19 | F9: =AVERAGE(C9:E9) -> 18.333333
B10: Bára | C10: 25 | D10: 24 | E10: 23 | F10: =AVERAGE(C10:E10) -> 24
B11: Cyril | C11: 15 | D11: 18 | E11: 20 | F11: =AVERAGE(C11:E11) -> 17.666667
B12: Dana | C12: 22 | D12: 21 | E12: 24 | F12: =AVERAGE(C12:E12) -> 22.333333
B13: Eva | C13: 17 | D13: 19 | E13: 18 | F13: =AVERAGE(C13:E13) -> 18
B14: Filip | C14: 19 | D14: 16 | E14: 18 | F14: =AVERAGE(C14:E14) -> 17.666667
B16: Otázky:
B17: 1) | C17: Co je v buňce C10 ? | G17: 25 | H17: =IF(G17="","",IF(G17=Klíč!A2,"✓","✗")) -> ✓
B18: 2) | C18: Co je v buňce E11 ? | G18: 20 | H18: =IF(G18="","",IF(G18=Klíč!A3,"✓","✗")) -> ✓
B19: 3) | C19: Kdo je v buňce B12 ? | H19: =IF(TRIM(LOWER(G19))="","",IF(TRIM(LOWER(G19))=TRIM(LOWER(Klíč!A4)),"✓","✗"))
B20: 4) | C20: Co je v buňce D12 ? | H20: =IF(G20="","",IF(G20=Klíč!A5,"✓","✗"))
B21: 5) | C21: Kdo je v buňce B14 ? | H21: =IF(TRIM(LOWER(G21))="","",IF(TRIM(LOWER(G21))=TRIM(LOWER(Klíč!A6)),"✓","✗"))
B22: 6) | C22: Co je v buňce D9 ? | H22: =IF(G22="","",IF(G22=Klíč!A7,"✓","✗"))
B23: 7) | C23: V které buňce je Filipův Test 1? | H23: =IF(TRIM(LOWER(G23))="","",IF(TRIM(LOWER(G23))=TRIM(LOWER(Klíč!A8)),"✓","✗"))
B24: 8) | C24: V které buňce je Cyrilův průměr? | H24: =IF(TRIM(LOWER(G24))="","",IF(TRIM(LOWER(G24))=TRIM(LOWER(Klíč!A9)),"✓","✗"))
B25: 9) | C25: V kolikátém řádku je Eva? | H25: =IF(G25="","",IF(G25=Klíč!A10,"✓","✗"))
B26: 10) | C26: Ve kterém sloupci (písmeno) jsou jména žáků? | H26: =IF(TRIM(LOWER(G26))="","",IF(TRIM(LOWER(G26))=TRIM(LOWER(Klíč!A11)),"✓","✗"))
B28: Skóre tohoto úkolu: | F28: =AB1 & " / " & AB2 & " bodů" -> 2 / 10 bodů

Sheet Úkol 2
AB1: =COUNTIF(E9:E20,"✓") -> 12
B2: Úkol 2 – Vzorce s matematickými operátory | AB2: 12
B4: 📝 ZADÁNÍ:
B5: Do žlutých buněk napiš vzorec (začínající =), který vypočítá daný příklad.
B6: Pozor na pořadí operací (závorky)! Pamatuj: * pro násobení, / pro dělení, ^ pro mocninu.
B8: Č. | C8: Slovní zadání | D8: Výsledek
B9: a) | C9: Sečti čísla 145 a 287 | D9: =145+287 -> 432 | E9: =IF(D9="","",IF(NOT(_xlfn.ISFORMULA(D9)),"✗",IF(D9=Klíč!A20,"✓","✗"))) -> ✓
B10: b) | C10: Od 1000 odečti 437 | D10: =1000-437 -> 563 | E10: =IF(D10="","",IF(NOT(_xlfn.ISFORMULA(D10)),"✗",IF(D10=Klíč!A21,"✓","✗"))) -> ✓
B11: c) | C11: Vynásob 17 a 23 | D11: =17*23 -> 391 | E11: =IF(D11="","",IF(NOT(_xlfn.ISFORMULA(D11)),"✗",IF(D11=Klíč!A22,"✓","✗"))) -> ✓
B12: d) | C12: Vyděl 1024 číslem 16 | D12: =1024/16 -> 64 | E12: =IF(D12="","",IF(NOT(_xlfn.ISFORMULA(D12)),"✗",IF(D12=Klíč!A23,"✓","✗"))) -> ✓
B13: e) | C13: Spočítej (45 + 55) × 8 | D13: =(45+55)*8 -> 800 | E13: =IF(D13="","",IF(NOT(_xlfn.ISFORMULA(D13)),"✗",IF(D13=Klíč!A24,"✓","✗"))) -> ✓
B14: f) | C14: Spočítej 2^10 (dvě na desátou) | D14: =2^10 -> 1024 | E14: =IF(D14="","",IF(NOT(_xlfn.ISFORMULA(D14)),"✗",IF(D14=Klíč!A25,"✓","✗"))) -> ✓
B15: g) | C15: Spočítej (250 - 50) ÷ (2 + 8) | D15: =(250-50)/(2+8) -> 20 | E15: =IF(D15="","",IF(NOT(_xlfn.ISFORMULA(D15)),"✗",IF(D15=Klíč!A26,"✓","✗"))) -> ✓
B16: h) | C16: Kolik minut má 7 hodin a 35 minut? | D16: =7*60+35 -> 455 | E16: =IF(D16="","",IF(NOT(_xlfn.ISFORMULA(D16)),"✗",IF(D16=Klíč!A27,"✓","✗"))) -> ✓
B17: i) | C17: Spočítej 12² + 5² (mocniny) | D17: =12^2+5^2 -> 169 | E17: =IF(D17="","",IF(NOT(_xlfn.ISFORMULA(D17)),"✗",IF(D17=Klíč!A28,"✓","✗"))) -> ✓
B18: j) | C18: Kolik je 365 × 24 × 60? (minut v roce) | D18: =365*24*60 -> 525600 | E18: =IF(D18="","",IF(NOT(_xlfn.ISFORMULA(D18)),"✗",IF(D18=Klíč!A29,"✓","✗"))) -> ✓
B19: k) | C19: Kolik je polovina ze 3/4 čísla 800? (800 × 3 ÷ 4 ÷ 2) | D19: =800*3/4/2 -> 300 | E19: =IF(D19="","",IF(NOT(_xlfn.ISFORMULA(D19)),"✗",IF(D19=Klíč!A30,"✓","✗"))) -> ✓
B20: l) | C20: Cena 12 sešitů po 38 Kč mínus sleva 50 Kč | D20: =12*38-50 -> 406 | E20: =IF(D20="","",IF(NOT(_xlfn.ISFORMULA(D20)),"✗",IF(D20=Klíč!A31,"✓","✗"))) -> ✓
B22: Skóre tohoto úkolu: | D22: =AB1 & " / " & AB2 & " bodů" -> 12 / 12 bodů

Sheet Úkol 3
AB1: =COUNTIF(F15:F22,"✓") -> 0
B2: Úkol 3 – Vzorce s odkazy na buňky | AB2: 8
B4: 📝 ZADÁNÍ:
B5: Spočítej parametry tří aut. Použij vzorce s ADRESAMI BUNĚK (ne s čísly).
B6: Vzorec by měl být napsán tak, aby fungoval, i kdybychom změnili hodnoty v tabulce.
B8: Auto | C8: Spotřeba (l/100km) | D8: Cena paliva (Kč/l) | E8: Vzdálenost (km)
B9: Škoda Octavia | C9: 6.5 | D9: 38 | E9: 450
B10: Toyota Yaris | C10: 5.2 | D10: 41 | E10: 320
B11: VW Passat | C11: 7.8 | D11: 38 | E11: 580
B13: Vyplň žluté buňky vzorci s odkazy:
B14: Č. | C14: Co spočítat? | D14: Pro auto | E14: Tvůj vzorec
B15: a) | C15: Kolik litrů paliva spotřebuje? (spotřeba × vzdálenost ÷ 100) | D15: Škoda Octavia | E15: 29.25 | F15: =IF(E15="","",IF(NOT(_xlfn.ISFORMULA(E15)),"✗",IF(ROUND(E15,2)=ROUND(Klíč!A40,2),"✓","✗"))) -> ✗
B16: b) | C16: Kolik litrů paliva spotřebuje? | D16: Toyota Yaris | E16: 16.64 | F16: =IF(E16="","",IF(NOT(_xlfn.ISFORMULA(E16)),"✗",IF(ROUND(E16,2)=ROUND(Klíč!A41,2),"✓","✗"))) -> ✗
B17: c) | C17: Kolik bude stát palivo? (spotřeba × cena × vzdálenost ÷ 100) | D17: Škoda Octavia | F17: =IF(E17="","",IF(NOT(_xlfn.ISFORMULA(E17)),"✗",IF(ROUND(E17,2)=ROUND(Klíč!A42,2),"✓","✗")))
B18: d) | C18: Kolik bude stát palivo? | D18: VW Passat | F18: =IF(E18="","",IF(NOT(_xlfn.ISFORMULA(E18)),"✗",IF(ROUND(E18,2)=ROUND(Klíč!A43,2),"✓","✗")))
B19: e) | C19: O kolik km více ujede Passat než Yaris? | D19: Passat vs. Yaris | F19: =IF(E19="","",IF(NOT(_xlfn.ISFORMULA(E19)),"✗",IF(ROUND(E19,2)=ROUND(Klíč!A44,2),"✓","✗")))
B20: f) | C20: Průměrná spotřeba všech tří aut? (sečti a vyděl 3) | D20: všechna | F20: =IF(E20="","",IF(NOT(_xlfn.ISFORMULA(E20)),"✗",IF(ROUND(E20,2)=ROUND(Klíč!A45,2),"✓","✗")))
B21: g) | C21: Kolik korun stojí 1 km u Octavie? (spotřeba × cena ÷ 100) | D21: Škoda Octavia | F21: =IF(E21="","",IF(NOT(_xlfn.ISFORMULA(E21)),"✗",IF(ROUND(E21,2)=ROUND(Klíč!A46,2),"✓","✗")))
B22: h) | C22: Kolik korun stojí 1 km u Yarisu? | D22: Toyota Yaris | F22: =IF(E22="","",IF(NOT(_xlfn.ISFORMULA(E22)),"✗",IF(ROUND(E22,2)=ROUND(Klíč!A47,2),"✓","✗")))
B24: 🌟 Bonus:
B25: Změň cenu paliva u Octavie na 45 Kč/l. Co se stalo s cenou paliva za cestu?
B26: Tvoje pozorování:
B30: Skóre tohoto úkolu: | E30: =AB1 & " / " & AB2 & " bodů" -> 0 / 8 bodů

Sheet Úkol 4
AB1: =COUNTIF(I9:I16,"✓") -> 2
B2: Úkol 4 – Funkce SUMA na různá data | AB2: 8
B4: 📝 ZADÁNÍ:
B5: Sčítej různé skupiny dat pomocí funkce SUMA. Pozor na správný rozsah!
B7: Prodej v kavárně - 2 týdny: | G7: Spočítej:
B8: Den | C8: Káva (Kč) | D8: Pečivo (Kč) | E8: Nealko (Kč) | G8: Co spočítat? | H8: Tvůj vzorec
B9: 1. týden - Po | C9: 1450 | D9: 680 | E9: 320 | G9: Celkem za kávu (oba týdny): | H9: 21610 | I9: =IF(H9="","",IF(NOT(_xlfn.ISFORMULA(H9)),"✗",IF(H9=Klíč!A60,"✓","✗"))) -> ✗
B10: Út | C10: 1320 | D10: 720 | E10: 410 | G10: Celkem za pečivo (oba týdny): | H10: =SUM(D9:D22) -> 10950 | I10: =IF(H10="","",IF(NOT(_xlfn.ISFORMULA(H10)),"✗",IF(H10=Klíč!A61,"✓","✗"))) -> ✓
B11: St | C11: 1580 | D11: 850 | E11: 380 | G11: Celkem za nealko (oba týdny): | H11: =SUM(E9:E22) -> 6040 | I11: =IF(H11="","",IF(NOT(_xlfn.ISFORMULA(H11)),"✗",IF(H11=Klíč!A62,"✓","✗"))) -> ✓
B12: Čt | C12: 1280 | D12: 590 | E12: 290 | G12: Celkem za 1. týden (Po-Ne): | I12: =IF(H12="","",IF(NOT(_xlfn.ISFORMULA(H12)),"✗",IF(H12=Klíč!A63,"✓","✗")))
B13: Pá | C13: 1820 | D13: 920 | E13: 540 | G13: Celkem za 2. týden (Po-Ne): | I13: =IF(H13="","",IF(NOT(_xlfn.ISFORMULA(H13)),"✗",IF(H13=Klíč!A64,"✓","✗")))
B14: So | C14: 2150 | D14: 1180 | E14: 720 | G14: Tržba o víkendech 1. týdne: | I14: =IF(H14="","",IF(NOT(_xlfn.ISFORMULA(H14)),"✗",IF(H14=Klíč!A65,"✓","✗")))
B15: Ne | C15: 980 | D15: 450 | E15: 280 | G15: Tržba o víkendech 2. týdne: | I15: =IF(H15="","",IF(NOT(_xlfn.ISFORMULA(H15)),"✗",IF(H15=Klíč!A66,"✓","✗")))
B16: 2. týden - Po | C16: 1390 | D16: 710 | E16: 350 | G16: Tržba pondělky obou týdnů (káva): | I16: =IF(H16="","",IF(NOT(_xlfn.ISFORMULA(H16)),"✗",IF(H16=Klíč!A67,"✓","✗")))
B17: Út | C17: 1450 | D17: 680 | E17: 390
B18: St | C18: 1620 | D18: 880 | E18: 420
B19: Čt | C19: 1340 | D19: 620 | E19: 310
B20: Pá | C20: 1900 | D20: 950 | E20: 580
B21: So | C21: 2280 | D21: 1240 | E21: 760
B22: Ne | C22: 1050 | D22: 480 | E22: 290
B25: Skóre tohoto úkolu: | F25: =AB1 & " / " & AB2 & " bodů" -> 2 / 8 bodů

Sheet Úkol 5
AB1: =COUNTIF(F19:F28,"✓") -> 1
B2: Úkol 5 – Statistické funkce v praxi | AB2: 10
B4: 📝 ZADÁNÍ:
B5: Analyzuj údaje o teplotách v ČR za měsíc (poslední kalendářní 2 týdny).
B6: Použij funkce SUMA, PRŮMĚR, MAX, MIN, POČET. Pozor na rozsahy!
B8: Den | C8: Praha (°C) | D8: Brno (°C) | E8: Ostrava (°C) | F8: Plzeň (°C)
B9: Pondělí | C9: 22 | D9: 24 | E9: 21 | F9: 23
B10: Úterý | C10: 25 | D10: 27 | E10: 24 | F10: 26
B11: Středa | C11: 28 | D11: 29 | E11: 27 | F11: 28
B12: Čtvrtek | C12: 31 | D12: 32 | E12: 30 | F12: 30
B13: Pátek | C13: 29 | D13: 30 | E13: 28 | F13: 29
B14: Sobota | C14: 24 | D14: 25 | E14: 23 | F14: 24
B15: Neděle | C15: 19 | D15: 20 | E15: 18 | F15: 19
B17: Vypočítej:
B18: Č. | C18: Otázka | D18: Tvůj vzorec | E18: Výsledek
B19: a) | C19: Průměrná teplota v Praze za týden | D19: 25 | F19: =IF(AND(D19="",E19=""),"",IF(OR(NOT(_xlfn.ISFORMULA(D19)),NOT(_xlfn.ISFORMULA(E19))),"✗",IF(AND(ROUND(D19,2)=ROUND(Klíč!A80,2),ROUND(E19,2)=ROUND(Klíč!A80,2)),"✓","✗"))) -> ✗
B20: b) | C20: Nejvyšší teplota v Brně | D20: =MAX(D9:D15) -> 32 | E20: =D20 -> 32 | F20: =IF(AND(D20="",E20=""),"",IF(OR(NOT(_xlfn.ISFORMULA(D20)),NOT(_xlfn.ISFORMULA(E20))),"✗",IF(AND(ROUND(D20,2)=ROUND(Klíč!A81,2),ROUND(E20,2)=ROUND(Klíč!A81,2)),"✓","✗"))) -> ✓
B21: c) | C21: Nejnižší teplota v Ostravě | F21: =IF(AND(D21="",E21=""),"",IF(OR(NOT(_xlfn.ISFORMULA(D21)),NOT(_xlfn.ISFORMULA(E21))),"✗",IF(AND(ROUND(D21,2)=ROUND(Klíč!A82,2),ROUND(E21,2)=ROUND(Klíč!A82,2)),"✓","✗")))
B22: d) | C22: Průměrná teplota v Plzni | F22: =IF(AND(D22="",E22=""),"",IF(OR(NOT(_xlfn.ISFORMULA(D22)),NOT(_xlfn.ISFORMULA(E22))),"✗",IF(AND(ROUND(D22,2)=ROUND(Klíč!A83,2),ROUND(E22,2)=ROUND(Klíč!A83,2)),"✓","✗")))
B23: e) | C23: Nejvyšší teplota celkem (všechna města, všechny dny) | F23: =IF(AND(D23="",E23=""),"",IF(OR(NOT(_xlfn.ISFORMULA(D23)),NOT(_xlfn.ISFORMULA(E23))),"✗",IF(AND(ROUND(D23,2)=ROUND(Klíč!A84,2),ROUND(E23,2)=ROUND(Klíč!A84,2)),"✓","✗")))
B24: f) | C24: Nejnižší teplota celkem | F24: =IF(AND(D24="",E24=""),"",IF(OR(NOT(_xlfn.ISFORMULA(D24)),NOT(_xlfn.ISFORMULA(E24))),"✗",IF(AND(ROUND(D24,2)=ROUND(Klíč!A85,2),ROUND(E24,2)=ROUND(Klíč!A85,2)),"✓","✗")))
B25: g) | C25: Kolik měření celkem máme? (počet všech čísel) | F25: =IF(AND(D25="",E25=""),"",IF(OR(NOT(_xlfn.ISFORMULA(D25)),NOT(_xlfn.ISFORMULA(E25))),"✗",IF(AND(ROUND(D25,2)=ROUND(Klíč!A86,2),ROUND(E25,2)=ROUND(Klíč!A86,2)),"✓","✗")))
B26: h) | C26: Průměrná teplota ve čtvrtek (všechna města) | F26: =IF(AND(D26="",E26=""),"",IF(OR(NOT(_xlfn.ISFORMULA(D26)),NOT(_xlfn.ISFORMULA(E26))),"✗",IF(AND(ROUND(D26,2)=ROUND(Klíč!A87,2),ROUND(E26,2)=ROUND(Klíč!A87,2)),"✓","✗")))
B27: i) | C27: Rozdíl mezi nejvyšší a nejnižší teplotou v Praze | F27: =IF(AND(D27="",E27=""),"",IF(OR(NOT(_xlfn.ISFORMULA(D27)),NOT(_xlfn.ISFORMULA(E27))),"✗",IF(AND(ROUND(D27,2)=ROUND(Klíč!A88,2),ROUND(E27,2)=ROUND(Klíč!A88,2)),"✓","✗")))
B28: j) | C28: Součet všech průměrů přes všechny dny v Brně | F28: =IF(AND(D28="",E28=""),"",IF(OR(NOT(_xlfn.ISFORMULA(D28)),NOT(_xlfn.ISFORMULA(E28))),"✗",IF(AND(ROUND(D28,2)=ROUND(Klíč!A89,2),ROUND(E28,2)=ROUND(Klíč!A89,2)),"✓","✗")))
B30: Skóre tohoto úkolu: | E30: =AB1 & " / " & AB2 & " bodů" -> 1 / 10 bodů

Sheet Úkol 6
AB1: =COUNTIF(G20:G27,"✓") -> 0
B2: Úkol 6 – Komplexní úloha: Sportovní klub | AB2: 8
B4: 📝 ZADÁNÍ:
B5: Spravuješ atletický klub. Tabulka ukazuje výsledky 8 závodníků v 5 disciplínách.
B6: Použij vzorce a funkce z předchozích úkolů a zodpověz otázky.
B8: Závodník | C8: Sprint 100m (s) | D8: Skok daleký (m) | E8: Vrh koulí (m) | F8: Skok vysoký (m) | G8: Běh 1500m (s)
B9: Beneš | C9: 11.8 | D9: 6.85 | E9: 12.5 | F9: 1.85 | G9: 285
B10: Černý | C10: 12.2 | D10: 6.5 | E10: 13.2 | F10: 1.78 | G10: 295
B11: Dvořák | C11: 11.5 | D11: 7.1 | E11: 11.8 | F11: 1.92 | G11: 278
B12: Hájek | C12: 12.5 | D12: 6.2 | E12: 14 | F12: 1.75 | G12: 310
B13: Kovář | C13: 11.9 | D13: 6.95 | E13: 13.5 | F13: 1.88 | G13: 290
B14: Novák | C14: 12 | D14: 6.75 | E14: 12.8 | F14: 1.82 | G14: 298
B15: Procházka | C15: 11.7 | D15: 7.05 | E15: 13 | F15: 1.9 | G15: 282
B16: Šimek | C16: 12.3 | D16: 6.4 | E16: 13.8 | F16: 1.8 | G16: 305
B18: Otázky:
B19: Č. | C19: Co spočítat? | D19: Tvůj vzorec / odpověď
B20: a) | C20: Průměrný čas v běhu na 100m | G20: =IF(F20="","",IF(NOT(_xlfn.ISFORMULA(F20)),"✗",IF(ROUND(F20,2)=ROUND(Klíč!A100,2),"✓","✗")))
B21: b) | C21: Nejlepší (nejkratší) čas v běhu na 100m | G21: =IF(F21="","",IF(NOT(_xlfn.ISFORMULA(F21)),"✗",IF(ROUND(F21,2)=ROUND(Klíč!A101,2),"✓","✗")))
B22: c) | C22: Nejdelší skok daleký | G22: =IF(F22="","",IF(NOT(_xlfn.ISFORMULA(F22)),"✗",IF(ROUND(F22,2)=ROUND(Klíč!A102,2),"✓","✗")))
B23: d) | C23: Průměrný výkon ve vrhu koulí | G23: =IF(F23="","",IF(NOT(_xlfn.ISFORMULA(F23)),"✗",IF(ROUND(F23,2)=ROUND(Klíč!A103,2),"✓","✗")))
B24: e) | C24: Rozdíl nejlepšího a nejhoršího skoku do výšky | G24: =IF(F24="","",IF(NOT(_xlfn.ISFORMULA(F24)),"✗",IF(ROUND(F24,2)=ROUND(Klíč!A104,2),"✓","✗")))
B25: f) | C25: Součet všech časů v běhu na 1500m | G25: =IF(F25="","",IF(NOT(_xlfn.ISFORMULA(F25)),"✗",IF(ROUND(F25,2)=ROUND(Klíč!A105,2),"✓","✗")))
B26: g) | C26: Průměrný čas na 1500m (jen Beneš, Dvořák, Procházka) | G26: =IF(F26="","",IF(NOT(_xlfn.ISFORMULA(F26)),"✗",IF(ROUND(F26,2)=ROUND(Klíč!A106,2),"✓","✗")))
B27: h) | C27: Kolik závodníků máme celkem? (počet) | G27: =IF(F27="","",IF(NOT(_xlfn.ISFORMULA(F27)),"✗",IF(ROUND(F27,2)=ROUND(Klíč!A107,2),"✓","✗")))
B29: 🤔 Otázka k zamyšlení:
B30: Který z těchto závodníků by byl podle tebe nejlepší ve víceboji a proč?
B35: Skóre tohoto úkolu: | E35: =AB1 & " / " & AB2 & " bodů" -> 0 / 8 bodů
